-- phpMyAdmin SQL Dump
-- version 5.2.1
-- https://www.phpmyadmin.net/
--
-- Servidor: 127.0.0.1
-- Tiempo de generación: 13-04-2026 a las 22:54:21
-- Versión del servidor: 10.4.32-MariaDB
-- Versión de PHP: 8.0.30

SET SQL_MODE = "NO_AUTO_VALUE_ON_ZERO";
START TRANSACTION;
SET time_zone = "+00:00";


/*!40101 SET @OLD_CHARACTER_SET_CLIENT=@@CHARACTER_SET_CLIENT */;
/*!40101 SET @OLD_CHARACTER_SET_RESULTS=@@CHARACTER_SET_RESULTS */;
/*!40101 SET @OLD_COLLATION_CONNECTION=@@COLLATION_CONNECTION */;
/*!40101 SET NAMES utf8mb4 */;

--
-- Base de datos: `soplit_luck`
--

-- --------------------------------------------------------

--
-- Estructura de tabla para la tabla `auditorias_sorteo`
--

CREATE TABLE `auditorias_sorteo` (
  `id` int(11) NOT NULL,
  `id_sorteo` int(11) NOT NULL,
  `observador` varchar(120) DEFAULT NULL,
  `evidencia` text DEFAULT NULL,
  `fecha` timestamp NOT NULL DEFAULT current_timestamp()
) ENGINE=InnoDB DEFAULT CHARSET=utf8mb4 COLLATE=utf8mb4_general_ci;

--
-- Volcado de datos para la tabla `auditorias_sorteo`
--

INSERT INTO `auditorias_sorteo` (`id`, `id_sorteo`, `observador`, `evidencia`, `fecha`) VALUES
(1, 1, 'edwin duarte', 'video auditado y certificado del sorteo', '2026-03-24 14:11:53'),
(2, 1, 'sistema', 'registro automatico del algoritmo aleatorio', '2026-03-24 14:11:53'),
(3, 2, 'edwin duarte', 'video auditado y certificado del sorteo', '2026-03-24 14:11:53'),
(4, 2, 'sistema', 'registro automatico del algoritmo aleatorio', '2026-03-24 14:11:53'),
(5, 3, 'julian tautiva', 'video auditado y certificado del sorteo', '2026-03-24 14:11:53'),
(6, 3, 'sistema', 'registro automatico del algoritmo aleatorio', '2026-03-24 14:11:53'),
(7, 4, 'julian hernandez', 'video auditado y certificado del sorteo', '2026-03-24 14:11:53'),
(8, 4, 'sistema', 'registro automatico del algoritmo aleatorio', '2026-03-24 14:11:53'),
(9, 5, 'tomas bolanos', 'video auditado y certificado del sorteo', '2026-03-24 14:11:53'),
(10, 5, 'sistema', 'registro automatico del algoritmo aleatorio', '2026-03-24 14:11:53'),
(11, 1, 'edwin duarte', 'video auditado y certificado del sorteo', '2026-03-26 12:21:06'),
(12, 1, 'sistema', 'registro automatico del algoritmo aleatorio', '2026-03-26 12:21:06'),
(13, 2, 'edwin duarte', 'video auditado y certificado del sorteo', '2026-03-26 12:21:06'),
(14, 2, 'sistema', 'registro automatico del algoritmo aleatorio', '2026-03-26 12:21:06'),
(15, 3, 'julian tautiva', 'video auditado y certificado del sorteo', '2026-03-26 12:21:06'),
(16, 3, 'sistema', 'registro automatico del algoritmo aleatorio', '2026-03-26 12:21:06'),
(17, 4, 'julian hernandez', 'video auditado y certificado del sorteo', '2026-03-26 12:21:06'),
(18, 4, 'sistema', 'registro automatico del algoritmo aleatorio', '2026-03-26 12:21:06'),
(19, 5, 'tomas bolanos', 'video auditado y certificado del sorteo', '2026-03-26 12:21:06'),
(20, 5, 'sistema', 'registro automatico del algoritmo aleatorio', '2026-03-26 12:21:06');

-- --------------------------------------------------------

--
-- Estructura de tabla para la tabla `boletas`
--

CREATE TABLE `boletas` (
  `id` int(11) NOT NULL,
  `id_rifa` int(11) NOT NULL,
  `id_usuario` int(11) DEFAULT NULL,
  `numero` int(11) NOT NULL,
  `estado` enum('disponible','reservada','vendida','reembolsada') DEFAULT 'disponible',
  `fecha_compra` datetime DEFAULT NULL
) ENGINE=InnoDB DEFAULT CHARSET=utf8mb4 COLLATE=utf8mb4_general_ci;

--
-- Volcado de datos para la tabla `boletas`
--

INSERT INTO `boletas` (`id`, `id_rifa`, `id_usuario`, `numero`, `estado`, `fecha_compra`) VALUES
(1, 1, NULL, 2, 'disponible', NULL),
(2, 1, NULL, 4, 'disponible', NULL),
(3, 1, NULL, 6, 'disponible', NULL),
(4, 1, NULL, 8, 'disponible', NULL),
(5, 1, NULL, 10, 'disponible', NULL),
(6, 1, NULL, 12, 'disponible', NULL),
(7, 1, NULL, 14, 'disponible', NULL),
(8, 1, NULL, 16, 'disponible', NULL),
(9, 1, NULL, 18, 'disponible', NULL),
(10, 1, NULL, 19, 'disponible', NULL),
(11, 1, NULL, 22, 'disponible', NULL),
(12, 1, NULL, 24, 'disponible', NULL),
(13, 1, NULL, 26, 'disponible', NULL),
(14, 1, NULL, 28, 'disponible', NULL),
(15, 1, NULL, 30, 'disponible', NULL),
(16, 1, NULL, 32, 'disponible', NULL),
(17, 1, NULL, 34, 'disponible', NULL),
(18, 1, NULL, 36, 'disponible', NULL),
(19, 1, NULL, 38, 'disponible', NULL),
(20, 1, NULL, 39, 'disponible', NULL),
(21, 1, NULL, 42, 'disponible', NULL),
(22, 1, NULL, 44, 'disponible', NULL),
(23, 1, NULL, 46, 'disponible', NULL),
(24, 2, NULL, 2, 'disponible', NULL),
(25, 2, NULL, 4, 'disponible', NULL),
(26, 2, 15, 6, 'vendida', '2026-04-12 13:39:21'),
(27, 2, 15, 8, 'vendida', '2026-04-12 13:39:21'),
(28, 2, NULL, 10, 'disponible', NULL),
(29, 2, NULL, 12, 'disponible', NULL),
(30, 2, NULL, 14, 'disponible', NULL),
(31, 2, NULL, 15, 'disponible', NULL),
(32, 2, NULL, 18, 'disponible', NULL),
(33, 2, NULL, 20, 'disponible', NULL),
(34, 2, NULL, 22, 'disponible', NULL),
(35, 2, 15, 24, 'vendida', '2026-04-12 13:39:21'),
(36, 2, 15, 26, 'vendida', '2026-04-12 13:39:21'),
(37, 2, NULL, 28, 'disponible', NULL),
(38, 2, NULL, 30, 'disponible', NULL),
(39, 2, NULL, 32, 'disponible', NULL),
(40, 2, NULL, 34, 'disponible', NULL),
(41, 2, NULL, 36, 'disponible', NULL),
(42, 2, NULL, 37, 'disponible', NULL),
(43, 2, NULL, 40, 'disponible', NULL),
(44, 2, NULL, 42, 'disponible', NULL),
(45, 2, NULL, 44, 'disponible', NULL),
(46, 2, NULL, 46, 'disponible', NULL),
(47, 3, NULL, 2, 'disponible', NULL),
(48, 3, NULL, 4, 'disponible', NULL),
(49, 3, NULL, 6, 'disponible', NULL),
(50, 3, NULL, 8, 'disponible', NULL),
(51, 3, NULL, 10, 'disponible', NULL),
(52, 3, NULL, 11, 'disponible', NULL),
(53, 3, NULL, 14, 'disponible', NULL),
(54, 3, 15, 16, 'vendida', '2026-04-12 13:29:11'),
(55, 3, NULL, 18, 'disponible', NULL),
(56, 3, NULL, 20, 'disponible', NULL),
(57, 3, NULL, 22, 'disponible', NULL),
(58, 3, NULL, 24, 'disponible', NULL),
(59, 3, NULL, 26, 'disponible', NULL),
(60, 3, NULL, 28, 'disponible', NULL),
(61, 3, NULL, 30, 'disponible', NULL),
(62, 3, NULL, 32, 'disponible', NULL),
(63, 3, NULL, 33, 'disponible', NULL),
(64, 3, NULL, 36, 'disponible', NULL),
(65, 3, NULL, 38, 'disponible', NULL),
(66, 3, NULL, 40, 'disponible', NULL),
(67, 3, NULL, 42, 'disponible', NULL),
(68, 3, NULL, 44, 'disponible', NULL),
(69, 3, NULL, 46, 'disponible', NULL),
(70, 4, NULL, 2, 'disponible', NULL),
(71, 4, NULL, 4, 'disponible', NULL),
(72, 4, NULL, 6, 'disponible', NULL),
(73, 4, NULL, 8, 'disponible', NULL),
(74, 4, NULL, 9, 'disponible', NULL),
(75, 4, NULL, 12, 'disponible', NULL),
(76, 4, NULL, 14, 'disponible', NULL),
(77, 4, NULL, 16, 'disponible', NULL),
(78, 4, NULL, 18, 'disponible', NULL),
(79, 4, NULL, 20, 'disponible', NULL),
(80, 4, NULL, 22, 'disponible', NULL),
(81, 4, NULL, 24, 'disponible', NULL),
(82, 4, NULL, 26, 'disponible', NULL),
(83, 4, NULL, 28, 'disponible', NULL),
(84, 4, NULL, 29, 'disponible', NULL),
(85, 4, NULL, 32, 'disponible', NULL),
(86, 4, NULL, 34, 'disponible', NULL),
(87, 4, NULL, 36, 'disponible', NULL),
(88, 4, NULL, 38, 'disponible', NULL),
(89, 4, NULL, 40, 'disponible', NULL),
(90, 4, NULL, 42, 'disponible', NULL),
(91, 4, NULL, 44, 'disponible', NULL),
(92, 4, NULL, 46, 'disponible', NULL),
(93, 5, NULL, 2, 'disponible', NULL),
(94, 5, NULL, 4, 'disponible', NULL),
(95, 5, NULL, 5, 'disponible', NULL),
(96, 5, NULL, 8, 'disponible', NULL),
(97, 5, NULL, 10, 'disponible', NULL),
(98, 5, NULL, 12, 'disponible', NULL),
(99, 5, NULL, 14, 'disponible', NULL),
(100, 5, NULL, 16, 'disponible', NULL),
(101, 5, NULL, 18, 'disponible', NULL),
(102, 5, NULL, 20, 'disponible', NULL),
(103, 5, NULL, 22, 'disponible', NULL),
(104, 5, NULL, 24, 'disponible', NULL),
(105, 5, NULL, 26, 'disponible', NULL),
(106, 5, NULL, 27, 'disponible', NULL),
(107, 5, NULL, 30, 'disponible', NULL),
(108, 5, NULL, 32, 'disponible', NULL),
(109, 5, NULL, 34, 'disponible', NULL),
(110, 5, NULL, 36, 'disponible', NULL),
(111, 5, NULL, 38, 'disponible', NULL),
(112, 5, NULL, 40, 'disponible', NULL),
(113, 5, NULL, 42, 'disponible', NULL),
(114, 5, NULL, 44, 'disponible', NULL),
(115, 5, NULL, 46, 'disponible', NULL),
(116, 6, NULL, 1, 'disponible', NULL),
(117, 6, NULL, 4, 'disponible', NULL),
(118, 6, NULL, 6, 'disponible', NULL),
(119, 6, NULL, 8, 'disponible', NULL),
(120, 6, NULL, 10, 'disponible', NULL),
(121, 6, NULL, 12, 'disponible', NULL),
(122, 6, NULL, 14, 'disponible', NULL),
(123, 6, NULL, 16, 'disponible', NULL),
(124, 6, NULL, 18, 'disponible', NULL),
(125, 6, NULL, 20, 'disponible', NULL),
(126, 6, NULL, 22, 'disponible', NULL),
(127, 6, NULL, 23, 'disponible', NULL),
(128, 6, NULL, 26, 'disponible', NULL),
(129, 6, NULL, 28, 'disponible', NULL),
(130, 6, NULL, 30, 'disponible', NULL),
(131, 6, NULL, 32, 'disponible', NULL),
(132, 6, NULL, 34, 'disponible', NULL),
(133, 6, NULL, 36, 'disponible', NULL),
(134, 6, NULL, 38, 'disponible', NULL),
(135, 6, NULL, 40, 'disponible', NULL),
(136, 6, NULL, 42, 'disponible', NULL),
(137, 6, NULL, 44, 'disponible', NULL),
(138, 6, NULL, 45, 'disponible', NULL),
(139, 7, NULL, 2, 'disponible', NULL),
(140, 7, NULL, 4, 'disponible', NULL),
(141, 7, NULL, 6, 'disponible', NULL),
(142, 7, 18, 8, 'vendida', '2026-04-13 15:07:36'),
(143, 7, NULL, 10, 'disponible', NULL),
(144, 7, NULL, 12, 'disponible', NULL),
(145, 7, NULL, 14, 'disponible', NULL),
(146, 7, NULL, 16, 'disponible', NULL),
(147, 7, 18, 18, 'vendida', '2026-04-13 15:07:36'),
(148, 7, 18, 19, 'vendida', '2026-04-13 15:07:36'),
(149, 7, NULL, 22, 'disponible', NULL),
(150, 7, NULL, 24, 'disponible', NULL),
(151, 7, NULL, 26, 'disponible', NULL),
(152, 7, 18, 28, 'vendida', '2026-04-13 15:07:36'),
(153, 7, NULL, 30, 'disponible', NULL),
(154, 7, NULL, 32, 'disponible', NULL),
(155, 7, NULL, 34, 'disponible', NULL),
(156, 7, NULL, 36, 'disponible', NULL),
(157, 7, NULL, 38, 'disponible', NULL),
(158, 7, NULL, 40, 'disponible', NULL),
(159, 7, NULL, 41, 'disponible', NULL),
(160, 7, NULL, 44, 'disponible', NULL),
(161, 7, NULL, 46, 'disponible', NULL),
(162, 8, NULL, 2, 'disponible', NULL),
(163, 8, NULL, 4, 'disponible', NULL),
(164, 8, NULL, 6, 'disponible', NULL),
(165, 8, NULL, 8, 'disponible', NULL),
(166, 8, NULL, 10, 'disponible', NULL),
(167, 8, NULL, 12, 'disponible', NULL),
(168, 8, NULL, 14, 'disponible', NULL),
(169, 8, NULL, 16, 'disponible', NULL),
(170, 8, NULL, 17, 'disponible', NULL),
(171, 8, NULL, 20, 'disponible', NULL),
(172, 8, NULL, 22, 'disponible', NULL),
(173, 8, NULL, 24, 'disponible', NULL),
(174, 8, NULL, 26, 'disponible', NULL),
(175, 8, NULL, 28, 'disponible', NULL),
(176, 8, NULL, 30, 'disponible', NULL),
(177, 8, NULL, 32, 'disponible', NULL),
(178, 8, NULL, 34, 'disponible', NULL),
(179, 8, NULL, 36, 'disponible', NULL),
(180, 8, NULL, 37, 'disponible', NULL),
(181, 8, NULL, 40, 'disponible', NULL),
(182, 8, NULL, 42, 'disponible', NULL),
(183, 8, NULL, 44, 'disponible', NULL),
(184, 8, NULL, 46, 'disponible', NULL),
(185, 9, NULL, 2, 'disponible', NULL),
(186, 9, NULL, 4, 'disponible', NULL),
(187, 9, NULL, 6, 'disponible', NULL),
(188, 9, NULL, 8, 'disponible', NULL),
(189, 9, NULL, 10, 'disponible', NULL),
(190, 9, NULL, 12, 'disponible', NULL),
(191, 9, NULL, 13, 'disponible', NULL),
(192, 9, NULL, 16, 'disponible', NULL),
(193, 9, NULL, 18, 'disponible', NULL),
(194, 9, NULL, 20, 'disponible', NULL),
(195, 9, NULL, 22, 'disponible', NULL),
(196, 9, NULL, 24, 'disponible', NULL),
(197, 9, NULL, 26, 'disponible', NULL),
(198, 9, NULL, 28, 'disponible', NULL),
(199, 9, NULL, 30, 'disponible', NULL),
(200, 9, NULL, 32, 'disponible', NULL),
(201, 9, NULL, 34, 'disponible', NULL),
(202, 9, NULL, 35, 'disponible', NULL),
(203, 9, NULL, 38, 'disponible', NULL),
(204, 9, NULL, 40, 'disponible', NULL),
(205, 9, NULL, 42, 'disponible', NULL),
(206, 9, NULL, 44, 'disponible', NULL),
(207, 9, NULL, 46, 'disponible', NULL),
(208, 10, NULL, 2, 'disponible', NULL),
(209, 10, NULL, 4, 'disponible', NULL),
(210, 10, 61, 6, 'vendida', '2026-04-12 15:43:54'),
(211, 10, NULL, 8, 'disponible', NULL),
(212, 10, NULL, 9, 'disponible', NULL),
(213, 10, NULL, 12, 'disponible', NULL),
(214, 10, NULL, 14, 'disponible', NULL),
(215, 10, 61, 16, 'vendida', '2026-04-12 15:43:54'),
(216, 10, NULL, 18, 'disponible', NULL),
(217, 10, NULL, 20, 'disponible', NULL),
(218, 10, NULL, 22, 'disponible', NULL),
(219, 10, NULL, 24, 'disponible', NULL),
(220, 10, 61, 26, 'vendida', '2026-04-12 15:43:54'),
(221, 10, NULL, 28, 'disponible', NULL),
(222, 10, NULL, 30, 'disponible', NULL),
(223, 10, NULL, 31, 'disponible', NULL),
(224, 10, NULL, 34, 'disponible', NULL),
(225, 10, NULL, 36, 'disponible', NULL),
(226, 10, NULL, 38, 'disponible', NULL),
(227, 10, NULL, 40, 'disponible', NULL),
(228, 10, NULL, 42, 'disponible', NULL),
(229, 10, NULL, 44, 'disponible', NULL),
(230, 10, NULL, 46, 'disponible', NULL),
(231, 11, NULL, 2, 'disponible', NULL),
(232, 11, NULL, 4, 'disponible', NULL),
(233, 11, NULL, 6, 'disponible', NULL),
(234, 11, NULL, 7, 'disponible', NULL),
(235, 11, NULL, 10, 'disponible', NULL),
(236, 11, NULL, 12, 'disponible', NULL),
(237, 11, NULL, 14, 'disponible', NULL),
(238, 11, NULL, 16, 'disponible', NULL),
(239, 11, NULL, 18, 'disponible', NULL),
(240, 11, NULL, 20, 'disponible', NULL),
(241, 11, NULL, 22, 'disponible', NULL),
(242, 11, NULL, 24, 'disponible', NULL),
(243, 11, NULL, 26, 'disponible', NULL),
(244, 11, NULL, 27, 'disponible', NULL),
(245, 11, NULL, 30, 'disponible', NULL),
(246, 11, NULL, 32, 'disponible', NULL),
(247, 11, NULL, 34, 'disponible', NULL),
(248, 11, NULL, 36, 'disponible', NULL),
(249, 11, NULL, 38, 'disponible', NULL),
(250, 11, NULL, 40, 'disponible', NULL),
(251, 11, NULL, 42, 'disponible', NULL),
(252, 11, NULL, 44, 'disponible', NULL),
(253, 11, NULL, 46, 'disponible', NULL),
(254, 12, NULL, 2, 'disponible', NULL),
(255, 12, NULL, 3, 'disponible', NULL),
(256, 12, NULL, 6, 'disponible', NULL),
(257, 12, NULL, 8, 'disponible', NULL),
(258, 12, NULL, 10, 'disponible', NULL),
(259, 12, NULL, 12, 'disponible', NULL),
(260, 12, NULL, 14, 'disponible', NULL),
(261, 12, NULL, 16, 'disponible', NULL),
(262, 12, NULL, 18, 'disponible', NULL),
(263, 12, NULL, 20, 'disponible', NULL),
(264, 12, NULL, 22, 'disponible', NULL),
(265, 12, NULL, 24, 'disponible', NULL),
(266, 12, NULL, 25, 'disponible', NULL),
(267, 12, NULL, 28, 'disponible', NULL),
(268, 12, NULL, 30, 'disponible', NULL),
(269, 12, NULL, 32, 'disponible', NULL),
(270, 12, NULL, 34, 'disponible', NULL),
(271, 12, NULL, 36, 'disponible', NULL),
(272, 12, NULL, 38, 'disponible', NULL),
(273, 12, NULL, 40, 'disponible', NULL),
(274, 12, NULL, 42, 'disponible', NULL),
(275, 12, NULL, 44, 'disponible', NULL),
(276, 12, NULL, 45, 'disponible', NULL),
(277, 13, NULL, 2, 'disponible', NULL),
(278, 13, NULL, 4, 'disponible', NULL),
(279, 13, NULL, 6, 'disponible', NULL),
(280, 13, NULL, 8, 'disponible', NULL),
(281, 13, NULL, 10, 'disponible', NULL),
(282, 13, NULL, 12, 'disponible', NULL),
(283, 13, NULL, 14, 'disponible', NULL),
(284, 13, 10, 16, 'vendida', '2026-04-13 14:28:09'),
(285, 13, NULL, 18, 'disponible', NULL),
(286, 13, NULL, 20, 'disponible', NULL),
(287, 13, NULL, 21, 'disponible', NULL),
(288, 13, NULL, 24, 'disponible', NULL),
(289, 13, 10, 26, 'vendida', '2026-04-13 14:28:09'),
(290, 13, NULL, 28, 'disponible', NULL),
(291, 13, NULL, 30, 'disponible', NULL),
(292, 13, NULL, 32, 'disponible', NULL),
(293, 13, NULL, 34, 'disponible', NULL),
(294, 13, NULL, 36, 'disponible', NULL),
(295, 13, NULL, 38, 'disponible', NULL),
(296, 13, NULL, 40, 'disponible', NULL),
(297, 13, NULL, 42, 'disponible', NULL),
(298, 13, NULL, 43, 'disponible', NULL),
(299, 13, NULL, 46, 'disponible', NULL),
(300, 14, NULL, 2, 'disponible', NULL),
(301, 14, NULL, 4, 'disponible', NULL),
(302, 14, NULL, 6, 'disponible', NULL),
(303, 14, NULL, 8, 'disponible', NULL),
(304, 14, NULL, 10, 'disponible', NULL),
(305, 14, NULL, 12, 'disponible', NULL),
(306, 14, NULL, 14, 'disponible', NULL),
(307, 14, NULL, 16, 'disponible', NULL),
(308, 14, NULL, 17, 'disponible', NULL),
(309, 14, NULL, 20, 'disponible', NULL),
(310, 14, NULL, 22, 'disponible', NULL),
(311, 14, NULL, 24, 'disponible', NULL),
(312, 14, NULL, 26, 'disponible', NULL),
(313, 14, NULL, 28, 'disponible', NULL),
(314, 14, NULL, 30, 'disponible', NULL),
(315, 14, NULL, 32, 'disponible', NULL),
(316, 14, NULL, 34, 'disponible', NULL),
(317, 14, NULL, 36, 'disponible', NULL),
(318, 14, NULL, 38, 'disponible', NULL),
(319, 14, NULL, 39, 'disponible', NULL),
(320, 14, NULL, 42, 'disponible', NULL),
(321, 14, NULL, 44, 'disponible', NULL),
(322, 14, NULL, 46, 'disponible', NULL),
(323, 15, NULL, 2, 'disponible', NULL),
(324, 15, NULL, 4, 'disponible', NULL),
(325, 15, NULL, 6, 'disponible', NULL),
(326, 15, NULL, 8, 'disponible', NULL),
(327, 15, NULL, 10, 'disponible', NULL),
(328, 15, NULL, 12, 'disponible', NULL),
(329, 15, NULL, 14, 'disponible', NULL),
(330, 15, NULL, 15, 'disponible', NULL),
(331, 15, NULL, 18, 'disponible', NULL),
(332, 15, NULL, 20, 'disponible', NULL),
(333, 15, NULL, 22, 'disponible', NULL),
(334, 15, NULL, 24, 'disponible', NULL),
(335, 15, NULL, 26, 'disponible', NULL),
(336, 15, NULL, 28, 'disponible', NULL),
(337, 15, NULL, 30, 'disponible', NULL),
(338, 15, NULL, 32, 'disponible', NULL),
(339, 15, NULL, 34, 'disponible', NULL),
(340, 15, NULL, 35, 'disponible', NULL),
(341, 15, NULL, 38, 'disponible', NULL),
(342, 15, NULL, 40, 'disponible', NULL),
(343, 15, NULL, 42, 'disponible', NULL),
(344, 15, NULL, 44, 'disponible', NULL),
(345, 15, NULL, 46, 'disponible', NULL),
(346, 16, NULL, 2, 'disponible', NULL),
(347, 16, NULL, 4, 'disponible', NULL),
(348, 16, NULL, 6, 'disponible', NULL),
(349, 16, NULL, 8, 'disponible', NULL),
(350, 16, NULL, 10, 'disponible', NULL),
(351, 16, NULL, 11, 'disponible', NULL),
(352, 16, NULL, 14, 'disponible', NULL),
(353, 16, NULL, 16, 'disponible', NULL),
(354, 16, NULL, 18, 'disponible', NULL),
(355, 16, NULL, 20, 'disponible', NULL),
(356, 16, NULL, 22, 'disponible', NULL),
(357, 16, NULL, 24, 'disponible', NULL),
(358, 16, NULL, 26, 'disponible', NULL),
(359, 16, NULL, 28, 'disponible', NULL),
(360, 16, NULL, 30, 'disponible', NULL),
(361, 16, NULL, 32, 'disponible', NULL),
(362, 16, NULL, 33, 'disponible', NULL),
(363, 16, NULL, 36, 'disponible', NULL),
(364, 16, NULL, 38, 'disponible', NULL),
(365, 16, NULL, 40, 'disponible', NULL),
(366, 16, NULL, 42, 'disponible', NULL),
(367, 16, NULL, 44, 'disponible', NULL),
(368, 16, NULL, 46, 'disponible', NULL),
(369, 17, NULL, 2, 'disponible', NULL),
(370, 17, NULL, 4, 'disponible', NULL),
(371, 17, NULL, 6, 'disponible', NULL),
(372, 17, NULL, 7, 'disponible', NULL),
(373, 17, NULL, 10, 'disponible', NULL),
(374, 17, NULL, 12, 'disponible', NULL),
(375, 17, NULL, 14, 'disponible', NULL),
(376, 17, NULL, 16, 'disponible', NULL),
(377, 17, NULL, 18, 'disponible', NULL),
(378, 17, NULL, 20, 'disponible', NULL),
(379, 17, NULL, 22, 'disponible', NULL),
(380, 17, NULL, 24, 'disponible', NULL),
(381, 17, NULL, 26, 'disponible', NULL),
(382, 17, NULL, 28, 'disponible', NULL),
(383, 17, NULL, 29, 'disponible', NULL),
(384, 17, NULL, 32, 'disponible', NULL),
(385, 17, NULL, 34, 'disponible', NULL),
(386, 17, NULL, 36, 'disponible', NULL),
(387, 17, NULL, 38, 'disponible', NULL),
(388, 17, NULL, 40, 'disponible', NULL),
(389, 17, NULL, 42, 'disponible', NULL),
(390, 17, NULL, 44, 'disponible', NULL),
(391, 17, NULL, 46, 'disponible', NULL),
(392, 18, NULL, 2, 'disponible', NULL),
(393, 18, NULL, 4, 'disponible', NULL),
(394, 18, NULL, 5, 'disponible', NULL),
(395, 18, NULL, 8, 'disponible', NULL),
(396, 18, NULL, 10, 'disponible', NULL),
(397, 18, NULL, 12, 'disponible', NULL),
(398, 18, NULL, 14, 'disponible', NULL),
(399, 18, NULL, 16, 'disponible', NULL),
(400, 18, NULL, 18, 'disponible', NULL),
(401, 18, NULL, 20, 'disponible', NULL),
(402, 18, NULL, 22, 'disponible', NULL),
(403, 18, NULL, 24, 'disponible', NULL),
(404, 18, NULL, 25, 'disponible', NULL),
(405, 18, NULL, 28, 'disponible', NULL),
(406, 18, NULL, 30, 'disponible', NULL),
(407, 18, NULL, 32, 'disponible', NULL),
(408, 18, NULL, 34, 'disponible', NULL),
(409, 18, NULL, 36, 'disponible', NULL),
(410, 18, NULL, 38, 'disponible', NULL),
(411, 18, NULL, 40, 'disponible', NULL),
(412, 18, NULL, 42, 'disponible', NULL),
(413, 18, NULL, 44, 'disponible', NULL),
(414, 18, NULL, 46, 'disponible', NULL),
(415, 19, NULL, 1, 'disponible', NULL),
(416, 19, NULL, 4, 'disponible', NULL),
(417, 19, NULL, 6, 'disponible', NULL),
(418, 19, NULL, 8, 'disponible', NULL),
(419, 19, NULL, 10, 'disponible', NULL),
(420, 19, NULL, 12, 'disponible', NULL),
(421, 19, NULL, 14, 'disponible', NULL),
(422, 19, NULL, 16, 'disponible', NULL),
(423, 19, NULL, 18, 'disponible', NULL),
(424, 19, NULL, 20, 'disponible', NULL),
(425, 19, NULL, 22, 'disponible', NULL),
(426, 19, NULL, 23, 'disponible', NULL),
(427, 19, NULL, 26, 'disponible', NULL),
(428, 19, NULL, 28, 'disponible', NULL),
(429, 19, NULL, 30, 'disponible', NULL),
(430, 19, NULL, 32, 'disponible', NULL),
(431, 19, NULL, 34, 'disponible', NULL),
(432, 19, NULL, 36, 'disponible', NULL),
(433, 19, NULL, 38, 'disponible', NULL),
(434, 19, NULL, 40, 'disponible', NULL),
(435, 19, NULL, 42, 'disponible', NULL),
(436, 19, NULL, 43, 'disponible', NULL),
(437, 19, NULL, 46, 'disponible', NULL),
(438, 20, NULL, 2, 'disponible', NULL),
(439, 20, NULL, 4, 'disponible', NULL),
(440, 20, NULL, 6, 'disponible', NULL),
(441, 20, NULL, 8, 'disponible', NULL),
(442, 20, NULL, 10, 'disponible', NULL),
(443, 20, NULL, 12, 'disponible', NULL),
(444, 20, NULL, 14, 'disponible', NULL),
(445, 20, NULL, 16, 'disponible', NULL),
(446, 20, NULL, 18, 'disponible', NULL),
(447, 20, NULL, 19, 'disponible', NULL),
(448, 20, NULL, 22, 'disponible', NULL),
(449, 20, NULL, 24, 'disponible', NULL),
(450, 20, NULL, 26, 'disponible', NULL),
(451, 20, NULL, 28, 'disponible', NULL),
(452, 20, NULL, 30, 'disponible', NULL),
(453, 20, NULL, 32, 'disponible', NULL),
(454, 20, NULL, 34, 'disponible', NULL),
(455, 20, NULL, 36, 'disponible', NULL),
(456, 20, NULL, 38, 'disponible', NULL),
(457, 20, NULL, 40, 'disponible', NULL),
(458, 20, NULL, 41, 'disponible', NULL),
(459, 20, NULL, 44, 'disponible', NULL),
(460, 20, NULL, 46, 'disponible', NULL),
(461, 21, NULL, 2, 'disponible', NULL),
(462, 21, NULL, 4, 'disponible', NULL),
(463, 21, NULL, 6, 'disponible', NULL),
(464, 21, NULL, 8, 'disponible', NULL),
(465, 21, NULL, 10, 'disponible', NULL),
(466, 21, NULL, 12, 'disponible', NULL),
(467, 21, NULL, 14, 'disponible', NULL),
(468, 21, NULL, 15, 'disponible', NULL),
(469, 21, NULL, 18, 'disponible', NULL),
(470, 21, NULL, 20, 'disponible', NULL),
(471, 21, NULL, 22, 'disponible', NULL),
(472, 21, NULL, 24, 'disponible', NULL),
(473, 21, NULL, 26, 'disponible', NULL),
(474, 21, NULL, 28, 'disponible', NULL),
(475, 21, NULL, 30, 'disponible', NULL),
(476, 21, NULL, 32, 'disponible', NULL),
(477, 21, NULL, 34, 'disponible', NULL),
(478, 21, NULL, 36, 'disponible', NULL),
(479, 21, NULL, 37, 'disponible', NULL),
(480, 21, NULL, 40, 'disponible', NULL),
(481, 21, NULL, 42, 'disponible', NULL),
(482, 21, NULL, 44, 'disponible', NULL),
(483, 21, NULL, 46, 'disponible', NULL),
(484, 22, NULL, 2, 'disponible', NULL),
(485, 22, NULL, 4, 'disponible', NULL),
(486, 22, NULL, 6, 'disponible', NULL),
(487, 22, NULL, 8, 'disponible', NULL),
(488, 22, NULL, 10, 'disponible', NULL),
(489, 22, NULL, 12, 'disponible', NULL),
(490, 22, 18, 13, 'vendida', '2026-04-11 21:40:40'),
(491, 22, NULL, 16, 'disponible', NULL),
(492, 22, NULL, 18, 'disponible', NULL),
(493, 22, NULL, 20, 'disponible', NULL),
(494, 22, NULL, 22, 'disponible', NULL),
(495, 22, NULL, 24, 'disponible', NULL),
(496, 22, NULL, 26, 'disponible', NULL),
(497, 22, NULL, 28, 'disponible', NULL),
(498, 22, NULL, 30, 'disponible', NULL),
(499, 22, NULL, 32, 'disponible', NULL),
(500, 22, NULL, 33, 'disponible', NULL),
(501, 22, NULL, 36, 'disponible', NULL),
(502, 22, NULL, 38, 'disponible', NULL),
(503, 22, NULL, 40, 'disponible', NULL),
(504, 22, NULL, 42, 'disponible', NULL),
(505, 22, NULL, 44, 'disponible', NULL),
(506, 22, NULL, 46, 'disponible', NULL),
(507, 23, NULL, 2, 'disponible', NULL),
(508, 23, NULL, 4, 'disponible', NULL),
(509, 23, NULL, 6, 'disponible', NULL),
(510, 23, NULL, 8, 'disponible', NULL),
(511, 23, NULL, 9, 'disponible', NULL),
(512, 23, NULL, 12, 'disponible', NULL),
(513, 23, NULL, 14, 'disponible', NULL),
(514, 23, NULL, 16, 'disponible', NULL),
(515, 23, NULL, 18, 'disponible', NULL),
(516, 23, NULL, 20, 'disponible', NULL),
(517, 23, NULL, 22, 'disponible', NULL),
(518, 23, NULL, 24, 'disponible', NULL),
(519, 23, NULL, 26, 'disponible', NULL),
(520, 23, NULL, 28, 'disponible', NULL),
(521, 23, NULL, 30, 'disponible', NULL),
(522, 23, NULL, 31, 'disponible', NULL),
(523, 23, NULL, 34, 'disponible', NULL),
(524, 23, NULL, 36, 'disponible', NULL),
(525, 23, NULL, 38, 'disponible', NULL),
(526, 23, NULL, 40, 'disponible', NULL),
(527, 23, NULL, 42, 'disponible', NULL),
(528, 23, NULL, 44, 'disponible', NULL),
(529, 23, NULL, 46, 'disponible', NULL),
(530, 24, NULL, 2, 'disponible', NULL),
(531, 24, NULL, 4, 'disponible', NULL),
(532, 24, NULL, 5, 'disponible', NULL),
(533, 24, NULL, 8, 'disponible', NULL),
(534, 24, NULL, 10, 'disponible', NULL),
(535, 24, NULL, 12, 'disponible', NULL),
(536, 24, NULL, 14, 'disponible', NULL),
(537, 24, NULL, 16, 'disponible', NULL),
(538, 24, NULL, 18, 'disponible', NULL),
(539, 24, NULL, 20, 'disponible', NULL),
(540, 24, NULL, 22, 'disponible', NULL),
(541, 24, NULL, 24, 'disponible', NULL),
(542, 24, NULL, 26, 'disponible', NULL),
(543, 24, NULL, 27, 'disponible', NULL),
(544, 24, NULL, 30, 'disponible', NULL),
(545, 24, NULL, 32, 'disponible', NULL),
(546, 24, NULL, 34, 'disponible', NULL),
(547, 24, NULL, 36, 'disponible', NULL),
(548, 24, NULL, 38, 'disponible', NULL),
(549, 24, NULL, 40, 'disponible', NULL),
(550, 24, NULL, 42, 'disponible', NULL),
(551, 24, NULL, 44, 'disponible', NULL),
(552, 24, NULL, 46, 'disponible', NULL),
(553, 25, NULL, 2, 'disponible', NULL),
(554, 25, NULL, 3, 'disponible', NULL),
(555, 25, NULL, 6, 'disponible', NULL),
(556, 25, NULL, 8, 'disponible', NULL),
(557, 25, NULL, 10, 'disponible', NULL),
(558, 25, NULL, 12, 'disponible', NULL),
(559, 25, NULL, 14, 'disponible', NULL),
(560, 25, NULL, 16, 'disponible', NULL),
(561, 25, NULL, 18, 'disponible', NULL),
(562, 25, NULL, 20, 'disponible', NULL),
(563, 25, NULL, 22, 'disponible', NULL),
(564, 25, NULL, 23, 'disponible', NULL),
(565, 25, NULL, 26, 'disponible', NULL),
(566, 25, NULL, 28, 'disponible', NULL),
(567, 25, NULL, 30, 'disponible', NULL),
(568, 25, NULL, 32, 'disponible', NULL),
(569, 25, NULL, 34, 'disponible', NULL),
(570, 25, NULL, 36, 'disponible', NULL),
(571, 25, NULL, 38, 'disponible', NULL),
(572, 25, NULL, 40, 'disponible', NULL),
(573, 25, NULL, 42, 'disponible', NULL),
(574, 25, NULL, 44, 'disponible', NULL),
(575, 25, NULL, 45, 'disponible', NULL),
(576, 1, NULL, 1, 'disponible', NULL),
(577, 1, NULL, 3, 'disponible', NULL),
(578, 1, NULL, 5, 'disponible', NULL),
(579, 1, NULL, 7, 'disponible', NULL),
(580, 1, NULL, 9, 'disponible', NULL),
(581, 1, NULL, 11, 'disponible', NULL),
(582, 1, NULL, 13, 'disponible', NULL),
(583, 1, NULL, 15, 'disponible', NULL),
(584, 1, NULL, 17, 'disponible', NULL),
(585, 1, NULL, 20, 'disponible', NULL),
(586, 1, NULL, 21, 'disponible', NULL),
(587, 1, NULL, 23, 'disponible', NULL),
(588, 1, NULL, 25, 'disponible', NULL),
(589, 1, NULL, 27, 'disponible', NULL),
(590, 1, NULL, 29, 'disponible', NULL),
(591, 1, NULL, 31, 'disponible', NULL),
(592, 1, NULL, 33, 'disponible', NULL),
(593, 1, NULL, 35, 'disponible', NULL),
(594, 1, NULL, 37, 'disponible', NULL),
(595, 1, NULL, 40, 'disponible', NULL),
(596, 1, NULL, 41, 'disponible', NULL),
(597, 1, NULL, 43, 'disponible', NULL),
(598, 1, NULL, 45, 'disponible', NULL),
(599, 2, NULL, 1, 'disponible', NULL),
(600, 2, NULL, 3, 'disponible', NULL),
(601, 2, NULL, 5, 'disponible', NULL),
(602, 2, 15, 7, 'vendida', '2026-04-12 13:39:21'),
(603, 2, NULL, 9, 'disponible', NULL),
(604, 2, NULL, 11, 'disponible', NULL),
(605, 2, NULL, 13, 'disponible', NULL),
(606, 2, NULL, 16, 'disponible', NULL),
(607, 2, NULL, 17, 'disponible', NULL),
(608, 2, NULL, 19, 'disponible', NULL),
(609, 2, NULL, 21, 'disponible', NULL),
(610, 2, 15, 23, 'vendida', '2026-04-12 13:39:21'),
(611, 2, 15, 25, 'vendida', '2026-04-12 13:39:21'),
(612, 2, NULL, 27, 'disponible', NULL),
(613, 2, NULL, 29, 'disponible', NULL),
(614, 2, NULL, 31, 'disponible', NULL),
(615, 2, NULL, 33, 'disponible', NULL),
(616, 2, NULL, 35, 'disponible', NULL),
(617, 2, NULL, 38, 'disponible', NULL),
(618, 2, NULL, 39, 'disponible', NULL),
(619, 2, NULL, 41, 'disponible', NULL),
(620, 2, NULL, 43, 'disponible', NULL),
(621, 2, NULL, 45, 'disponible', NULL),
(622, 3, NULL, 1, 'disponible', NULL),
(623, 3, NULL, 3, 'disponible', NULL),
(624, 3, 15, 5, 'vendida', '2026-04-12 13:29:11'),
(625, 3, NULL, 7, 'disponible', NULL),
(626, 3, NULL, 9, 'disponible', NULL),
(627, 3, NULL, 12, 'disponible', NULL),
(628, 3, NULL, 13, 'disponible', NULL),
(629, 3, 15, 15, 'vendida', '2026-04-12 13:29:11'),
(630, 3, NULL, 17, 'disponible', NULL),
(631, 3, NULL, 19, 'disponible', NULL),
(632, 3, NULL, 21, 'disponible', NULL),
(633, 3, NULL, 23, 'disponible', NULL),
(634, 3, 15, 25, 'vendida', '2026-04-12 13:29:11'),
(635, 3, NULL, 27, 'disponible', NULL),
(636, 3, NULL, 29, 'disponible', NULL),
(637, 3, NULL, 31, 'disponible', NULL),
(638, 3, NULL, 34, 'disponible', NULL),
(639, 3, NULL, 35, 'disponible', NULL),
(640, 3, NULL, 37, 'disponible', NULL),
(641, 3, NULL, 39, 'disponible', NULL),
(642, 3, NULL, 41, 'disponible', NULL),
(643, 3, NULL, 43, 'disponible', NULL),
(644, 3, NULL, 45, 'disponible', NULL),
(645, 4, NULL, 1, 'disponible', NULL),
(646, 4, NULL, 3, 'disponible', NULL),
(647, 4, NULL, 5, 'disponible', NULL),
(648, 4, NULL, 7, 'disponible', NULL),
(649, 4, NULL, 10, 'disponible', NULL),
(650, 4, NULL, 11, 'disponible', NULL),
(651, 4, NULL, 13, 'disponible', NULL),
(652, 4, NULL, 15, 'disponible', NULL),
(653, 4, NULL, 17, 'disponible', NULL),
(654, 4, NULL, 19, 'disponible', NULL),
(655, 4, NULL, 21, 'disponible', NULL),
(656, 4, NULL, 23, 'disponible', NULL),
(657, 4, NULL, 25, 'disponible', NULL),
(658, 4, NULL, 27, 'disponible', NULL),
(659, 4, NULL, 30, 'disponible', NULL),
(660, 4, NULL, 31, 'disponible', NULL),
(661, 4, NULL, 33, 'disponible', NULL),
(662, 4, NULL, 35, 'disponible', NULL),
(663, 4, NULL, 37, 'disponible', NULL),
(664, 4, NULL, 39, 'disponible', NULL),
(665, 4, NULL, 41, 'disponible', NULL),
(666, 4, NULL, 43, 'disponible', NULL),
(667, 4, NULL, 45, 'disponible', NULL),
(668, 5, NULL, 1, 'disponible', NULL),
(669, 5, NULL, 3, 'disponible', NULL),
(670, 5, NULL, 6, 'disponible', NULL),
(671, 5, NULL, 7, 'disponible', NULL),
(672, 5, NULL, 9, 'disponible', NULL),
(673, 5, NULL, 11, 'disponible', NULL),
(674, 5, NULL, 13, 'disponible', NULL),
(675, 5, NULL, 15, 'disponible', NULL),
(676, 5, NULL, 17, 'disponible', NULL),
(677, 5, NULL, 19, 'disponible', NULL),
(678, 5, NULL, 21, 'disponible', NULL),
(679, 5, NULL, 23, 'disponible', NULL),
(680, 5, NULL, 25, 'disponible', NULL),
(681, 5, NULL, 28, 'disponible', NULL),
(682, 5, NULL, 29, 'disponible', NULL),
(683, 5, NULL, 31, 'disponible', NULL),
(684, 5, NULL, 33, 'disponible', NULL),
(685, 5, NULL, 35, 'disponible', NULL),
(686, 5, NULL, 37, 'disponible', NULL),
(687, 5, NULL, 39, 'disponible', NULL),
(688, 5, NULL, 41, 'disponible', NULL),
(689, 5, NULL, 43, 'disponible', NULL),
(690, 5, NULL, 45, 'disponible', NULL),
(691, 6, NULL, 2, 'disponible', NULL),
(692, 6, NULL, 3, 'disponible', NULL),
(693, 6, NULL, 5, 'disponible', NULL),
(694, 6, NULL, 7, 'disponible', NULL),
(695, 6, NULL, 9, 'disponible', NULL),
(696, 6, NULL, 11, 'disponible', NULL),
(697, 6, NULL, 13, 'disponible', NULL),
(698, 6, NULL, 15, 'disponible', NULL),
(699, 6, NULL, 17, 'disponible', NULL),
(700, 6, NULL, 19, 'disponible', NULL),
(701, 6, NULL, 21, 'disponible', NULL),
(702, 6, NULL, 24, 'disponible', NULL),
(703, 6, NULL, 25, 'disponible', NULL),
(704, 6, NULL, 27, 'disponible', NULL),
(705, 6, NULL, 29, 'disponible', NULL),
(706, 6, NULL, 31, 'disponible', NULL),
(707, 6, NULL, 33, 'disponible', NULL),
(708, 6, NULL, 35, 'disponible', NULL),
(709, 6, NULL, 37, 'disponible', NULL),
(710, 6, NULL, 39, 'disponible', NULL),
(711, 6, NULL, 41, 'disponible', NULL),
(712, 6, NULL, 43, 'disponible', NULL),
(713, 6, NULL, 46, 'disponible', NULL),
(714, 7, NULL, 1, 'disponible', NULL),
(715, 7, NULL, 3, 'disponible', NULL),
(716, 7, NULL, 5, 'disponible', NULL),
(717, 7, NULL, 7, 'disponible', NULL),
(718, 7, 18, 9, 'vendida', '2026-04-13 15:07:36'),
(719, 7, NULL, 11, 'disponible', NULL),
(720, 7, NULL, 13, 'disponible', NULL),
(721, 7, NULL, 15, 'disponible', NULL),
(722, 7, NULL, 17, 'disponible', NULL),
(723, 7, NULL, 20, 'disponible', NULL),
(724, 7, NULL, 21, 'disponible', NULL),
(725, 7, NULL, 23, 'disponible', NULL),
(726, 7, NULL, 25, 'disponible', NULL),
(727, 7, NULL, 27, 'disponible', NULL),
(728, 7, 18, 29, 'vendida', '2026-04-13 15:07:36'),
(729, 7, NULL, 31, 'disponible', NULL),
(730, 7, NULL, 33, 'disponible', NULL),
(731, 7, NULL, 35, 'disponible', NULL),
(732, 7, NULL, 37, 'disponible', NULL),
(733, 7, NULL, 39, 'disponible', NULL),
(734, 7, NULL, 42, 'disponible', NULL),
(735, 7, NULL, 43, 'disponible', NULL),
(736, 7, NULL, 45, 'disponible', NULL),
(737, 8, NULL, 1, 'disponible', NULL),
(738, 8, NULL, 3, 'disponible', NULL),
(739, 8, NULL, 5, 'disponible', NULL),
(740, 8, NULL, 7, 'disponible', NULL),
(741, 8, NULL, 9, 'disponible', NULL),
(742, 8, NULL, 11, 'disponible', NULL),
(743, 8, NULL, 13, 'disponible', NULL),
(744, 8, NULL, 15, 'disponible', NULL),
(745, 8, NULL, 18, 'disponible', NULL),
(746, 8, NULL, 19, 'disponible', NULL),
(747, 8, NULL, 21, 'disponible', NULL),
(748, 8, NULL, 23, 'disponible', NULL),
(749, 8, NULL, 25, 'disponible', NULL),
(750, 8, NULL, 27, 'disponible', NULL),
(751, 8, NULL, 29, 'disponible', NULL),
(752, 8, NULL, 31, 'disponible', NULL),
(753, 8, NULL, 33, 'disponible', NULL),
(754, 8, NULL, 35, 'disponible', NULL),
(755, 8, NULL, 38, 'disponible', NULL),
(756, 8, NULL, 39, 'disponible', NULL),
(757, 8, NULL, 41, 'disponible', NULL),
(758, 8, NULL, 43, 'disponible', NULL),
(759, 8, NULL, 45, 'disponible', NULL),
(760, 9, NULL, 1, 'disponible', NULL),
(761, 9, NULL, 3, 'disponible', NULL),
(762, 9, NULL, 5, 'disponible', NULL),
(763, 9, NULL, 7, 'disponible', NULL),
(764, 9, NULL, 9, 'disponible', NULL),
(765, 9, NULL, 11, 'disponible', NULL),
(766, 9, NULL, 14, 'disponible', NULL),
(767, 9, NULL, 15, 'disponible', NULL),
(768, 9, NULL, 17, 'disponible', NULL),
(769, 9, NULL, 19, 'disponible', NULL),
(770, 9, NULL, 21, 'disponible', NULL),
(771, 9, NULL, 23, 'disponible', NULL),
(772, 9, NULL, 25, 'disponible', NULL),
(773, 9, NULL, 27, 'disponible', NULL),
(774, 9, NULL, 29, 'disponible', NULL),
(775, 9, NULL, 31, 'disponible', NULL),
(776, 9, NULL, 33, 'disponible', NULL),
(777, 9, NULL, 36, 'disponible', NULL),
(778, 9, NULL, 37, 'disponible', NULL),
(779, 9, NULL, 39, 'disponible', NULL),
(780, 9, NULL, 41, 'disponible', NULL),
(781, 9, NULL, 43, 'disponible', NULL),
(782, 9, NULL, 45, 'disponible', NULL),
(783, 10, NULL, 1, 'disponible', NULL),
(784, 10, NULL, 3, 'disponible', NULL),
(785, 10, 61, 5, 'vendida', '2026-04-12 15:43:54'),
(786, 10, NULL, 7, 'disponible', NULL),
(787, 10, NULL, 10, 'disponible', NULL),
(788, 10, NULL, 11, 'disponible', NULL),
(789, 10, NULL, 13, 'disponible', NULL),
(790, 10, 61, 15, 'vendida', '2026-04-12 15:43:54'),
(791, 10, NULL, 17, 'disponible', NULL),
(792, 10, NULL, 19, 'disponible', NULL),
(793, 10, NULL, 21, 'disponible', NULL),
(794, 10, NULL, 23, 'disponible', NULL),
(795, 10, 61, 25, 'vendida', '2026-04-12 15:43:54'),
(796, 10, NULL, 27, 'disponible', NULL),
(797, 10, NULL, 29, 'disponible', NULL),
(798, 10, NULL, 32, 'disponible', NULL),
(799, 10, NULL, 33, 'disponible', NULL),
(800, 10, NULL, 35, 'disponible', NULL),
(801, 10, NULL, 37, 'disponible', NULL),
(802, 10, NULL, 39, 'disponible', NULL),
(803, 10, NULL, 41, 'disponible', NULL),
(804, 10, NULL, 43, 'disponible', NULL),
(805, 10, NULL, 45, 'disponible', NULL),
(806, 11, NULL, 1, 'disponible', NULL),
(807, 11, NULL, 3, 'disponible', NULL),
(808, 11, NULL, 5, 'disponible', NULL),
(809, 11, NULL, 8, 'disponible', NULL),
(810, 11, NULL, 9, 'disponible', NULL),
(811, 11, NULL, 11, 'disponible', NULL),
(812, 11, NULL, 13, 'disponible', NULL),
(813, 11, NULL, 15, 'disponible', NULL),
(814, 11, NULL, 17, 'disponible', NULL),
(815, 11, NULL, 19, 'disponible', NULL),
(816, 11, NULL, 21, 'disponible', NULL),
(817, 11, NULL, 23, 'disponible', NULL),
(818, 11, NULL, 25, 'disponible', NULL),
(819, 11, NULL, 28, 'disponible', NULL),
(820, 11, NULL, 29, 'disponible', NULL),
(821, 11, NULL, 31, 'disponible', NULL),
(822, 11, NULL, 33, 'disponible', NULL),
(823, 11, NULL, 35, 'disponible', NULL),
(824, 11, NULL, 37, 'disponible', NULL),
(825, 11, NULL, 39, 'disponible', NULL),
(826, 11, NULL, 41, 'disponible', NULL),
(827, 11, NULL, 43, 'disponible', NULL),
(828, 11, NULL, 45, 'disponible', NULL),
(829, 12, NULL, 1, 'disponible', NULL),
(830, 12, NULL, 4, 'disponible', NULL),
(831, 12, NULL, 5, 'disponible', NULL),
(832, 12, NULL, 7, 'disponible', NULL),
(833, 12, NULL, 9, 'disponible', NULL),
(834, 12, NULL, 11, 'disponible', NULL),
(835, 12, NULL, 13, 'disponible', NULL),
(836, 12, NULL, 15, 'disponible', NULL),
(837, 12, NULL, 17, 'disponible', NULL),
(838, 12, NULL, 19, 'disponible', NULL),
(839, 12, NULL, 21, 'disponible', NULL),
(840, 12, NULL, 23, 'disponible', NULL),
(841, 12, NULL, 26, 'disponible', NULL),
(842, 12, NULL, 27, 'disponible', NULL),
(843, 12, NULL, 29, 'disponible', NULL),
(844, 12, NULL, 31, 'disponible', NULL),
(845, 12, NULL, 33, 'disponible', NULL),
(846, 12, NULL, 35, 'disponible', NULL),
(847, 12, NULL, 37, 'disponible', NULL),
(848, 12, NULL, 39, 'disponible', NULL),
(849, 12, NULL, 41, 'disponible', NULL),
(850, 12, NULL, 43, 'disponible', NULL),
(851, 12, NULL, 46, 'disponible', NULL),
(852, 13, 10, 1, 'vendida', '2026-04-13 14:28:09'),
(853, 13, NULL, 3, 'disponible', NULL),
(854, 13, NULL, 5, 'disponible', NULL),
(855, 13, NULL, 7, 'disponible', NULL),
(856, 13, NULL, 9, 'disponible', NULL),
(857, 13, NULL, 11, 'disponible', NULL),
(858, 13, 10, 13, 'vendida', '2026-04-13 14:28:09'),
(859, 13, NULL, 15, 'disponible', NULL),
(860, 13, 10, 17, 'vendida', '2026-04-13 14:28:09'),
(861, 13, NULL, 19, 'disponible', NULL),
(862, 13, NULL, 22, 'disponible', NULL),
(863, 13, 10, 23, 'vendida', '2026-04-13 14:28:09'),
(864, 13, NULL, 25, 'disponible', NULL),
(865, 13, NULL, 27, 'disponible', NULL),
(866, 13, NULL, 29, 'disponible', NULL),
(867, 13, NULL, 31, 'disponible', NULL),
(868, 13, NULL, 33, 'disponible', NULL),
(869, 13, NULL, 35, 'disponible', NULL),
(870, 13, NULL, 37, 'disponible', NULL),
(871, 13, NULL, 39, 'disponible', NULL),
(872, 13, NULL, 41, 'disponible', NULL),
(873, 13, NULL, 44, 'disponible', NULL),
(874, 13, NULL, 45, 'disponible', NULL),
(875, 14, NULL, 1, 'disponible', NULL),
(876, 14, NULL, 3, 'disponible', NULL),
(877, 14, NULL, 5, 'disponible', NULL),
(878, 14, NULL, 7, 'disponible', NULL),
(879, 14, NULL, 9, 'disponible', NULL),
(880, 14, NULL, 11, 'disponible', NULL),
(881, 14, NULL, 13, 'disponible', NULL),
(882, 14, NULL, 15, 'disponible', NULL),
(883, 14, NULL, 18, 'disponible', NULL),
(884, 14, NULL, 19, 'disponible', NULL),
(885, 14, NULL, 21, 'disponible', NULL),
(886, 14, NULL, 23, 'disponible', NULL),
(887, 14, NULL, 25, 'disponible', NULL),
(888, 14, NULL, 27, 'disponible', NULL),
(889, 14, NULL, 29, 'disponible', NULL),
(890, 14, NULL, 31, 'disponible', NULL),
(891, 14, NULL, 33, 'disponible', NULL),
(892, 14, NULL, 35, 'disponible', NULL),
(893, 14, NULL, 37, 'disponible', NULL),
(894, 14, NULL, 40, 'disponible', NULL),
(895, 14, NULL, 41, 'disponible', NULL),
(896, 14, NULL, 43, 'disponible', NULL),
(897, 14, NULL, 45, 'disponible', NULL),
(898, 15, NULL, 1, 'disponible', NULL),
(899, 15, NULL, 3, 'disponible', NULL),
(900, 15, NULL, 5, 'disponible', NULL),
(901, 15, NULL, 7, 'disponible', NULL),
(902, 15, NULL, 9, 'disponible', NULL),
(903, 15, NULL, 11, 'disponible', NULL),
(904, 15, NULL, 13, 'disponible', NULL),
(905, 15, NULL, 16, 'disponible', NULL),
(906, 15, NULL, 17, 'disponible', NULL),
(907, 15, NULL, 19, 'disponible', NULL),
(908, 15, NULL, 21, 'disponible', NULL),
(909, 15, NULL, 23, 'disponible', NULL),
(910, 15, NULL, 25, 'disponible', NULL),
(911, 15, NULL, 27, 'disponible', NULL),
(912, 15, NULL, 29, 'disponible', NULL),
(913, 15, NULL, 31, 'disponible', NULL),
(914, 15, NULL, 33, 'disponible', NULL),
(915, 15, NULL, 36, 'disponible', NULL),
(916, 15, NULL, 37, 'disponible', NULL),
(917, 15, NULL, 39, 'disponible', NULL),
(918, 15, NULL, 41, 'disponible', NULL),
(919, 15, NULL, 43, 'disponible', NULL),
(920, 15, NULL, 45, 'disponible', NULL),
(921, 16, NULL, 1, 'disponible', NULL),
(922, 16, NULL, 3, 'disponible', NULL),
(923, 16, NULL, 5, 'disponible', NULL),
(924, 16, NULL, 7, 'disponible', NULL),
(925, 16, NULL, 9, 'disponible', NULL),
(926, 16, NULL, 12, 'disponible', NULL),
(927, 16, NULL, 13, 'disponible', NULL),
(928, 16, NULL, 15, 'disponible', NULL),
(929, 16, NULL, 17, 'disponible', NULL),
(930, 16, NULL, 19, 'disponible', NULL),
(931, 16, NULL, 21, 'disponible', NULL),
(932, 16, NULL, 23, 'disponible', NULL),
(933, 16, NULL, 25, 'disponible', NULL),
(934, 16, NULL, 27, 'disponible', NULL),
(935, 16, NULL, 29, 'disponible', NULL),
(936, 16, NULL, 31, 'disponible', NULL),
(937, 16, NULL, 34, 'disponible', NULL),
(938, 16, NULL, 35, 'disponible', NULL),
(939, 16, NULL, 37, 'disponible', NULL),
(940, 16, NULL, 39, 'disponible', NULL),
(941, 16, NULL, 41, 'disponible', NULL),
(942, 16, NULL, 43, 'disponible', NULL),
(943, 16, NULL, 45, 'disponible', NULL),
(944, 17, NULL, 1, 'disponible', NULL),
(945, 17, NULL, 3, 'disponible', NULL),
(946, 17, NULL, 5, 'disponible', NULL),
(947, 17, NULL, 8, 'disponible', NULL),
(948, 17, NULL, 9, 'disponible', NULL),
(949, 17, NULL, 11, 'disponible', NULL),
(950, 17, NULL, 13, 'disponible', NULL),
(951, 17, NULL, 15, 'disponible', NULL),
(952, 17, NULL, 17, 'disponible', NULL),
(953, 17, NULL, 19, 'disponible', NULL),
(954, 17, NULL, 21, 'disponible', NULL),
(955, 17, NULL, 23, 'disponible', NULL),
(956, 17, NULL, 25, 'disponible', NULL),
(957, 17, NULL, 27, 'disponible', NULL),
(958, 17, NULL, 30, 'disponible', NULL),
(959, 17, NULL, 31, 'disponible', NULL),
(960, 17, NULL, 33, 'disponible', NULL),
(961, 17, NULL, 35, 'disponible', NULL),
(962, 17, NULL, 37, 'disponible', NULL),
(963, 17, NULL, 39, 'disponible', NULL),
(964, 17, NULL, 41, 'disponible', NULL),
(965, 17, NULL, 43, 'disponible', NULL),
(966, 17, NULL, 45, 'disponible', NULL),
(967, 18, NULL, 1, 'disponible', NULL),
(968, 18, NULL, 3, 'disponible', NULL),
(969, 18, NULL, 6, 'disponible', NULL),
(970, 18, NULL, 7, 'disponible', NULL),
(971, 18, NULL, 9, 'disponible', NULL),
(972, 18, NULL, 11, 'disponible', NULL),
(973, 18, NULL, 13, 'disponible', NULL),
(974, 18, NULL, 15, 'disponible', NULL),
(975, 18, NULL, 17, 'disponible', NULL),
(976, 18, NULL, 19, 'disponible', NULL),
(977, 18, NULL, 21, 'disponible', NULL),
(978, 18, NULL, 23, 'disponible', NULL),
(979, 18, NULL, 26, 'disponible', NULL),
(980, 18, NULL, 27, 'disponible', NULL),
(981, 18, NULL, 29, 'disponible', NULL),
(982, 18, NULL, 31, 'disponible', NULL),
(983, 18, NULL, 33, 'disponible', NULL),
(984, 18, NULL, 35, 'disponible', NULL),
(985, 18, NULL, 37, 'disponible', NULL),
(986, 18, NULL, 39, 'disponible', NULL),
(987, 18, NULL, 41, 'disponible', NULL),
(988, 18, NULL, 43, 'disponible', NULL),
(989, 18, NULL, 45, 'disponible', NULL),
(990, 19, NULL, 2, 'disponible', NULL),
(991, 19, NULL, 3, 'disponible', NULL),
(992, 19, NULL, 5, 'disponible', NULL),
(993, 19, NULL, 7, 'disponible', NULL),
(994, 19, NULL, 9, 'disponible', NULL),
(995, 19, NULL, 11, 'disponible', NULL),
(996, 19, NULL, 13, 'disponible', NULL),
(997, 19, NULL, 15, 'disponible', NULL),
(998, 19, NULL, 17, 'disponible', NULL),
(999, 19, NULL, 19, 'disponible', NULL),
(1000, 19, NULL, 21, 'disponible', NULL),
(1001, 19, NULL, 24, 'disponible', NULL),
(1002, 19, NULL, 25, 'disponible', NULL),
(1003, 19, NULL, 27, 'disponible', NULL),
(1004, 19, NULL, 29, 'disponible', NULL),
(1005, 19, NULL, 31, 'disponible', NULL),
(1006, 19, NULL, 33, 'disponible', NULL),
(1007, 19, NULL, 35, 'disponible', NULL),
(1008, 19, NULL, 37, 'disponible', NULL),
(1009, 19, NULL, 39, 'disponible', NULL),
(1010, 19, NULL, 41, 'disponible', NULL),
(1011, 19, NULL, 44, 'disponible', NULL),
(1012, 19, NULL, 45, 'disponible', NULL),
(1013, 20, NULL, 1, 'disponible', NULL),
(1014, 20, NULL, 3, 'disponible', NULL),
(1015, 20, NULL, 5, 'disponible', NULL),
(1016, 20, NULL, 7, 'disponible', NULL),
(1017, 20, NULL, 9, 'disponible', NULL),
(1018, 20, NULL, 11, 'disponible', NULL),
(1019, 20, NULL, 13, 'disponible', NULL),
(1020, 20, NULL, 15, 'disponible', NULL),
(1021, 20, NULL, 17, 'disponible', NULL),
(1022, 20, NULL, 20, 'disponible', NULL),
(1023, 20, NULL, 21, 'disponible', NULL),
(1024, 20, NULL, 23, 'disponible', NULL),
(1025, 20, NULL, 25, 'disponible', NULL),
(1026, 20, NULL, 27, 'disponible', NULL),
(1027, 20, NULL, 29, 'disponible', NULL),
(1028, 20, NULL, 31, 'disponible', NULL),
(1029, 20, NULL, 33, 'disponible', NULL),
(1030, 20, NULL, 35, 'disponible', NULL),
(1031, 20, NULL, 37, 'disponible', NULL),
(1032, 20, NULL, 39, 'disponible', NULL),
(1033, 20, NULL, 42, 'disponible', NULL),
(1034, 20, NULL, 43, 'disponible', NULL),
(1035, 20, NULL, 45, 'disponible', NULL),
(1036, 21, NULL, 1, 'disponible', NULL),
(1037, 21, NULL, 3, 'disponible', NULL),
(1038, 21, NULL, 5, 'disponible', NULL),
(1039, 21, NULL, 7, 'disponible', NULL),
(1040, 21, NULL, 9, 'disponible', NULL),
(1041, 21, NULL, 11, 'disponible', NULL),
(1042, 21, NULL, 13, 'disponible', NULL),
(1043, 21, NULL, 16, 'disponible', NULL),
(1044, 21, NULL, 17, 'disponible', NULL),
(1045, 21, NULL, 19, 'disponible', NULL),
(1046, 21, NULL, 21, 'disponible', NULL),
(1047, 21, NULL, 23, 'disponible', NULL),
(1048, 21, NULL, 25, 'disponible', NULL),
(1049, 21, NULL, 27, 'disponible', NULL),
(1050, 21, NULL, 29, 'disponible', NULL),
(1051, 21, NULL, 31, 'disponible', NULL),
(1052, 21, NULL, 33, 'disponible', NULL),
(1053, 21, NULL, 35, 'disponible', NULL),
(1054, 21, NULL, 38, 'disponible', NULL),
(1055, 21, NULL, 39, 'disponible', NULL),
(1056, 21, NULL, 41, 'disponible', NULL),
(1057, 21, NULL, 43, 'disponible', NULL),
(1058, 21, NULL, 45, 'disponible', NULL),
(1059, 22, NULL, 1, 'disponible', NULL),
(1060, 22, NULL, 3, 'disponible', NULL),
(1061, 22, NULL, 5, 'disponible', NULL),
(1062, 22, 18, 7, 'vendida', '2026-04-11 21:40:40'),
(1063, 22, NULL, 9, 'disponible', NULL),
(1064, 22, NULL, 11, 'disponible', NULL),
(1065, 22, 18, 14, 'vendida', '2026-04-11 21:40:40'),
(1066, 22, 18, 15, 'vendida', '2026-04-11 21:40:40'),
(1067, 22, NULL, 17, 'disponible', NULL),
(1068, 22, NULL, 19, 'disponible', NULL),
(1069, 22, NULL, 21, 'disponible', NULL),
(1070, 22, NULL, 23, 'disponible', NULL),
(1071, 22, NULL, 25, 'disponible', NULL),
(1072, 22, NULL, 27, 'disponible', NULL),
(1073, 22, NULL, 29, 'disponible', NULL),
(1074, 22, NULL, 31, 'disponible', NULL),
(1075, 22, NULL, 34, 'disponible', NULL),
(1076, 22, NULL, 35, 'disponible', NULL),
(1077, 22, NULL, 37, 'disponible', NULL),
(1078, 22, NULL, 39, 'disponible', NULL),
(1079, 22, NULL, 41, 'disponible', NULL),
(1080, 22, NULL, 43, 'disponible', NULL),
(1081, 22, NULL, 45, 'disponible', NULL),
(1082, 23, NULL, 1, 'disponible', NULL),
(1083, 23, NULL, 3, 'disponible', NULL),
(1084, 23, NULL, 5, 'disponible', NULL),
(1085, 23, NULL, 7, 'disponible', NULL),
(1086, 23, NULL, 10, 'disponible', NULL),
(1087, 23, NULL, 11, 'disponible', NULL),
(1088, 23, NULL, 13, 'disponible', NULL),
(1089, 23, NULL, 15, 'disponible', NULL),
(1090, 23, NULL, 17, 'disponible', NULL),
(1091, 23, NULL, 19, 'disponible', NULL),
(1092, 23, NULL, 21, 'disponible', NULL),
(1093, 23, NULL, 23, 'disponible', NULL),
(1094, 23, NULL, 25, 'disponible', NULL),
(1095, 23, NULL, 27, 'disponible', NULL),
(1096, 23, NULL, 29, 'disponible', NULL),
(1097, 23, NULL, 32, 'disponible', NULL),
(1098, 23, NULL, 33, 'disponible', NULL),
(1099, 23, NULL, 35, 'disponible', NULL),
(1100, 23, NULL, 37, 'disponible', NULL),
(1101, 23, NULL, 39, 'disponible', NULL),
(1102, 23, NULL, 41, 'disponible', NULL),
(1103, 23, NULL, 43, 'disponible', NULL),
(1104, 23, NULL, 45, 'disponible', NULL),
(1105, 24, NULL, 1, 'disponible', NULL),
(1106, 24, NULL, 3, 'disponible', NULL),
(1107, 24, NULL, 6, 'disponible', NULL),
(1108, 24, NULL, 7, 'disponible', NULL),
(1109, 24, NULL, 9, 'disponible', NULL),
(1110, 24, NULL, 11, 'disponible', NULL),
(1111, 24, NULL, 13, 'disponible', NULL),
(1112, 24, NULL, 15, 'disponible', NULL),
(1113, 24, NULL, 17, 'disponible', NULL),
(1114, 24, NULL, 19, 'disponible', NULL),
(1115, 24, NULL, 21, 'disponible', NULL),
(1116, 24, NULL, 23, 'disponible', NULL),
(1117, 24, NULL, 25, 'disponible', NULL),
(1118, 24, NULL, 28, 'disponible', NULL),
(1119, 24, NULL, 29, 'disponible', NULL),
(1120, 24, NULL, 31, 'disponible', NULL),
(1121, 24, NULL, 33, 'disponible', NULL),
(1122, 24, NULL, 35, 'disponible', NULL),
(1123, 24, NULL, 37, 'disponible', NULL),
(1124, 24, NULL, 39, 'disponible', NULL),
(1125, 24, NULL, 41, 'disponible', NULL),
(1126, 24, NULL, 43, 'disponible', NULL),
(1127, 24, NULL, 45, 'disponible', NULL),
(1128, 25, NULL, 1, 'disponible', NULL),
(1129, 25, NULL, 4, 'disponible', NULL),
(1130, 25, NULL, 5, 'disponible', NULL),
(1131, 25, NULL, 7, 'disponible', NULL),
(1132, 25, NULL, 9, 'disponible', NULL),
(1133, 25, NULL, 11, 'disponible', NULL),
(1134, 25, NULL, 13, 'disponible', NULL),
(1135, 25, NULL, 15, 'disponible', NULL),
(1136, 25, NULL, 17, 'disponible', NULL),
(1137, 25, NULL, 19, 'disponible', NULL),
(1138, 25, NULL, 21, 'disponible', NULL),
(1139, 25, NULL, 24, 'disponible', NULL),
(1140, 25, NULL, 25, 'disponible', NULL),
(1141, 25, NULL, 27, 'disponible', NULL),
(1142, 25, NULL, 29, 'disponible', NULL),
(1143, 25, NULL, 31, 'disponible', NULL),
(1144, 25, NULL, 33, 'disponible', NULL),
(1145, 25, NULL, 35, 'disponible', NULL),
(1146, 25, NULL, 37, 'disponible', NULL),
(1147, 25, NULL, 39, 'disponible', NULL),
(1148, 25, NULL, 41, 'disponible', NULL),
(1149, 25, NULL, 43, 'disponible', NULL),
(1150, 25, NULL, 46, 'disponible', NULL),
(1181, 58, NULL, 1, 'disponible', NULL),
(1182, 58, NULL, 2, 'disponible', NULL),
(1183, 58, NULL, 3, 'disponible', NULL),
(1184, 58, NULL, 4, 'disponible', NULL),
(1185, 58, NULL, 5, 'disponible', NULL),
(1186, 58, NULL, 6, 'disponible', NULL),
(1187, 58, NULL, 7, 'disponible', NULL),
(1188, 58, NULL, 8, 'disponible', NULL),
(1189, 58, NULL, 9, 'disponible', NULL),
(1190, 58, NULL, 10, 'disponible', NULL),
(1191, 58, NULL, 11, 'disponible', NULL),
(1192, 58, NULL, 12, 'disponible', NULL),
(1193, 58, NULL, 13, 'disponible', NULL),
(1194, 58, NULL, 14, 'disponible', NULL),
(1195, 58, NULL, 15, 'disponible', NULL),
(1196, 58, NULL, 16, 'disponible', NULL),
(1197, 58, NULL, 17, 'disponible', NULL),
(1198, 58, NULL, 18, 'disponible', NULL),
(1199, 58, NULL, 19, 'disponible', NULL),
(1200, 58, NULL, 20, 'disponible', NULL),
(1201, 58, NULL, 21, 'disponible', NULL),
(1202, 58, NULL, 22, 'disponible', NULL),
(1203, 58, NULL, 23, 'disponible', NULL),
(1204, 58, NULL, 24, 'disponible', NULL),
(1205, 58, NULL, 25, 'disponible', NULL),
(1206, 58, NULL, 26, 'disponible', NULL),
(1207, 58, NULL, 27, 'disponible', NULL),
(1208, 58, NULL, 28, 'disponible', NULL),
(1209, 58, NULL, 29, 'disponible', NULL),
(1210, 58, NULL, 30, 'disponible', NULL),
(1211, 59, 1, 1, 'vendida', '2026-04-11 21:44:13'),
(1212, 59, NULL, 2, 'disponible', NULL),
(1213, 59, 1, 3, 'vendida', '2026-04-11 21:44:13'),
(1214, 59, NULL, 4, 'disponible', NULL),
(1215, 59, NULL, 5, 'disponible', NULL),
(1216, 59, NULL, 6, 'disponible', NULL),
(1217, 59, NULL, 7, 'disponible', NULL),
(1218, 59, NULL, 8, 'disponible', NULL),
(1219, 59, NULL, 9, 'disponible', NULL),
(1220, 59, NULL, 10, 'disponible', NULL),
(1221, 59, NULL, 11, 'disponible', NULL),
(1222, 59, 1, 12, 'vendida', '2026-04-11 21:44:13'),
(1223, 59, NULL, 13, 'disponible', NULL),
(1224, 59, NULL, 14, 'disponible', NULL),
(1225, 59, NULL, 15, 'disponible', NULL),
(1226, 59, NULL, 16, 'disponible', NULL),
(1227, 59, 1, 17, 'vendida', '2026-04-11 21:44:13'),
(1228, 59, NULL, 18, 'disponible', NULL),
(1229, 59, NULL, 19, 'disponible', NULL),
(1230, 59, NULL, 20, 'disponible', NULL),
(1231, 59, NULL, 21, 'disponible', NULL),
(1232, 59, NULL, 22, 'disponible', NULL),
(1233, 59, NULL, 23, 'disponible', NULL),
(1234, 59, 1, 24, 'vendida', '2026-04-11 21:44:13'),
(1235, 59, NULL, 25, 'disponible', NULL),
(1236, 59, NULL, 26, 'disponible', NULL),
(1237, 59, NULL, 27, 'disponible', NULL),
(1238, 59, NULL, 28, 'disponible', NULL),
(1239, 59, NULL, 29, 'disponible', NULL),
(1240, 59, NULL, 30, 'disponible', NULL),
(1241, 60, NULL, 1, 'disponible', NULL),
(1242, 60, NULL, 2, 'disponible', NULL),
(1243, 60, NULL, 3, 'disponible', NULL),
(1244, 60, NULL, 4, 'disponible', NULL),
(1245, 60, NULL, 5, 'disponible', NULL),
(1246, 60, NULL, 6, 'disponible', NULL),
(1247, 60, NULL, 7, 'disponible', NULL),
(1248, 60, NULL, 8, 'disponible', NULL),
(1249, 60, NULL, 9, 'disponible', NULL),
(1250, 60, NULL, 10, 'disponible', NULL),
(1251, 60, NULL, 11, 'disponible', NULL),
(1252, 60, NULL, 12, 'disponible', NULL),
(1253, 60, NULL, 13, 'disponible', NULL),
(1254, 60, NULL, 14, 'disponible', NULL),
(1255, 60, 19, 15, 'vendida', '2026-04-11 21:58:04'),
(1256, 60, NULL, 16, 'disponible', NULL),
(1257, 60, NULL, 17, 'disponible', NULL),
(1258, 60, NULL, 18, 'disponible', NULL),
(1259, 60, NULL, 19, 'disponible', NULL),
(1260, 60, NULL, 20, 'disponible', NULL),
(1261, 60, NULL, 21, 'disponible', NULL),
(1262, 60, NULL, 22, 'disponible', NULL),
(1263, 60, 19, 23, 'vendida', '2026-04-11 21:58:04'),
(1264, 60, NULL, 24, 'disponible', NULL),
(1265, 60, 19, 25, 'vendida', '2026-04-11 21:58:04'),
(1266, 60, NULL, 26, 'disponible', NULL),
(1267, 60, 19, 27, 'vendida', '2026-04-11 21:58:04'),
(1268, 60, NULL, 28, 'disponible', NULL),
(1269, 60, NULL, 29, 'disponible', NULL),
(1270, 60, NULL, 30, 'disponible', NULL),
(1271, 60, NULL, 31, 'disponible', NULL),
(1272, 60, NULL, 32, 'disponible', NULL),
(1273, 60, 19, 33, 'vendida', '2026-04-11 21:58:04'),
(1274, 60, 19, 34, 'vendida', '2026-04-11 21:58:04'),
(1275, 60, NULL, 35, 'disponible', NULL),
(1276, 60, NULL, 36, 'disponible', NULL),
(1277, 60, NULL, 37, 'disponible', NULL),
(1278, 60, NULL, 38, 'disponible', NULL),
(1279, 60, NULL, 39, 'disponible', NULL),
(1280, 60, NULL, 40, 'disponible', NULL),
(1331, 62, NULL, 1, 'disponible', NULL),
(1332, 62, NULL, 2, 'disponible', NULL),
(1333, 62, NULL, 3, 'disponible', NULL),
(1334, 62, NULL, 4, 'disponible', NULL),
(1335, 62, 9, 5, 'vendida', '2026-04-13 15:06:32'),
(1336, 62, NULL, 6, 'disponible', NULL),
(1337, 62, NULL, 7, 'disponible', NULL),
(1338, 62, NULL, 8, 'disponible', NULL),
(1339, 62, NULL, 9, 'disponible', NULL),
(1340, 62, NULL, 10, 'disponible', NULL),
(1341, 62, NULL, 11, 'disponible', NULL),
(1342, 62, NULL, 12, 'disponible', NULL),
(1343, 62, NULL, 13, 'disponible', NULL),
(1344, 62, NULL, 14, 'disponible', NULL),
(1345, 62, 9, 15, 'vendida', '2026-04-13 15:06:32'),
(1346, 62, NULL, 16, 'disponible', NULL),
(1347, 62, NULL, 17, 'disponible', NULL),
(1348, 62, NULL, 18, 'disponible', NULL),
(1349, 62, NULL, 19, 'disponible', NULL),
(1350, 62, NULL, 20, 'disponible', NULL),
(1351, 62, NULL, 21, 'disponible', NULL),
(1352, 62, NULL, 22, 'disponible', NULL),
(1353, 62, NULL, 23, 'disponible', NULL),
(1354, 62, NULL, 24, 'disponible', NULL),
(1355, 62, 9, 25, 'vendida', '2026-04-13 15:06:32'),
(1356, 62, NULL, 26, 'disponible', NULL),
(1357, 62, NULL, 27, 'disponible', NULL),
(1358, 62, NULL, 28, 'disponible', NULL);
INSERT INTO `boletas` (`id`, `id_rifa`, `id_usuario`, `numero`, `estado`, `fecha_compra`) VALUES
(1359, 62, NULL, 29, 'disponible', NULL),
(1360, 62, NULL, 30, 'disponible', NULL),
(1361, 62, NULL, 31, 'disponible', NULL),
(1362, 62, NULL, 32, 'disponible', NULL),
(1363, 62, NULL, 33, 'disponible', NULL),
(1364, 62, NULL, 34, 'disponible', NULL),
(1365, 62, 9, 35, 'vendida', '2026-04-13 15:06:32'),
(1366, 62, 9, 36, 'vendida', '2026-04-13 15:06:32'),
(1367, 62, NULL, 37, 'disponible', NULL),
(1368, 62, NULL, 38, 'disponible', NULL),
(1369, 62, NULL, 39, 'disponible', NULL),
(1370, 62, NULL, 40, 'disponible', NULL),
(1371, 63, NULL, 1, 'disponible', NULL),
(1372, 63, NULL, 2, 'disponible', NULL),
(1373, 63, NULL, 3, 'disponible', NULL),
(1374, 63, NULL, 4, 'disponible', NULL),
(1375, 63, NULL, 5, 'disponible', NULL),
(1376, 63, NULL, 6, 'disponible', NULL),
(1377, 63, NULL, 7, 'disponible', NULL),
(1378, 63, NULL, 8, 'disponible', NULL),
(1379, 63, NULL, 9, 'disponible', NULL),
(1380, 63, NULL, 10, 'disponible', NULL),
(1381, 63, NULL, 11, 'disponible', NULL),
(1382, 63, NULL, 12, 'disponible', NULL),
(1383, 63, NULL, 13, 'disponible', NULL),
(1384, 63, NULL, 14, 'disponible', NULL),
(1385, 63, NULL, 15, 'disponible', NULL),
(1386, 63, NULL, 16, 'disponible', NULL),
(1387, 63, NULL, 17, 'disponible', NULL),
(1388, 63, NULL, 18, 'disponible', NULL),
(1389, 63, NULL, 19, 'disponible', NULL),
(1390, 63, NULL, 20, 'disponible', NULL),
(1391, 63, NULL, 21, 'disponible', NULL),
(1392, 63, NULL, 22, 'disponible', NULL),
(1393, 63, 8, 23, 'vendida', '2026-04-13 14:58:23'),
(1394, 63, NULL, 24, 'disponible', NULL),
(1395, 63, 8, 25, 'vendida', '2026-04-13 14:58:23'),
(1396, 63, 8, 26, 'vendida', '2026-04-13 14:58:23'),
(1397, 63, NULL, 27, 'disponible', NULL),
(1398, 63, NULL, 28, 'disponible', NULL),
(1399, 63, NULL, 29, 'disponible', NULL),
(1400, 63, NULL, 30, 'disponible', NULL),
(1401, 63, NULL, 31, 'disponible', NULL),
(1402, 63, NULL, 32, 'disponible', NULL),
(1403, 63, NULL, 33, 'disponible', NULL),
(1404, 63, 8, 34, 'vendida', '2026-04-13 14:58:23'),
(1405, 63, 8, 35, 'vendida', '2026-04-13 14:58:23'),
(1406, 63, 8, 36, 'vendida', '2026-04-13 14:58:23'),
(1407, 63, 8, 37, 'vendida', '2026-04-13 14:58:23'),
(1408, 63, NULL, 38, 'disponible', NULL),
(1409, 63, NULL, 39, 'disponible', NULL),
(1410, 63, NULL, 40, 'disponible', NULL),
(1411, 63, NULL, 41, 'disponible', NULL),
(1412, 63, NULL, 42, 'disponible', NULL),
(1413, 63, NULL, 43, 'disponible', NULL),
(1414, 63, NULL, 44, 'disponible', NULL),
(1415, 63, NULL, 45, 'disponible', NULL),
(1416, 63, NULL, 46, 'disponible', NULL),
(1417, 63, NULL, 47, 'disponible', NULL),
(1418, 63, NULL, 48, 'disponible', NULL),
(1419, 63, NULL, 49, 'disponible', NULL),
(1420, 63, NULL, 50, 'disponible', NULL),
(1421, 64, 14, 1, 'vendida', '2026-04-13 15:21:03'),
(1422, 64, 14, 2, 'vendida', '2026-04-13 15:21:03'),
(1423, 64, 14, 3, 'vendida', '2026-04-13 15:21:03'),
(1424, 64, 14, 4, 'vendida', '2026-04-13 15:21:03'),
(1425, 64, 14, 5, 'vendida', '2026-04-13 15:21:03'),
(1426, 64, 15, 6, 'vendida', '2026-04-13 15:21:33'),
(1427, 64, 15, 7, 'vendida', '2026-04-13 15:21:33'),
(1428, 64, 15, 8, 'vendida', '2026-04-13 15:21:33'),
(1429, 64, 15, 9, 'vendida', '2026-04-13 15:21:33'),
(1430, 64, 15, 10, 'vendida', '2026-04-13 15:21:33'),
(1431, 65, 15, 1, 'vendida', '2026-04-13 15:51:02'),
(1432, 65, 15, 2, 'vendida', '2026-04-13 15:51:02'),
(1433, 65, 15, 3, 'vendida', '2026-04-13 15:51:02'),
(1434, 65, 15, 4, 'vendida', '2026-04-13 15:51:02'),
(1435, 65, 15, 5, 'vendida', '2026-04-13 15:51:02'),
(1436, 65, 12, 6, 'vendida', '2026-04-13 15:51:51'),
(1437, 65, 12, 7, 'vendida', '2026-04-13 15:51:51'),
(1438, 65, 12, 8, 'vendida', '2026-04-13 15:51:51'),
(1439, 65, 12, 9, 'vendida', '2026-04-13 15:51:51'),
(1440, 65, 12, 10, 'vendida', '2026-04-13 15:51:51');

-- --------------------------------------------------------

--
-- Estructura de tabla para la tabla `ganadores`
--

CREATE TABLE `ganadores` (
  `id` int(11) NOT NULL,
  `id_sorteo` int(11) NOT NULL,
  `id_usuario` int(11) NOT NULL,
  `id_boleta` int(11) NOT NULL,
  `fecha_registro` timestamp NOT NULL DEFAULT current_timestamp()
) ENGINE=InnoDB DEFAULT CHARSET=utf8mb4 COLLATE=utf8mb4_general_ci;

--
-- Volcado de datos para la tabla `ganadores`
--

INSERT INTO `ganadores` (`id`, `id_sorteo`, `id_usuario`, `id_boleta`, `fecha_registro`) VALUES
(1, 1, 2, 7, '2026-03-24 14:11:53'),
(2, 2, 5, 37, '2026-03-24 14:11:53'),
(3, 3, 3, 49, '2026-03-24 14:11:53'),
(4, 4, 4, 86, '2026-03-24 14:11:53'),
(5, 5, 6, 104, '2026-03-24 14:11:53'),
(6, 1, 2, 7, '2026-03-26 12:21:06'),
(7, 2, 5, 37, '2026-03-26 12:21:06'),
(8, 3, 3, 49, '2026-03-26 12:21:06'),
(9, 4, 4, 86, '2026-03-26 12:21:06'),
(10, 5, 6, 104, '2026-03-26 12:21:06'),
(12, 52, 12, 1437, '2026-04-13 20:51:51');

-- --------------------------------------------------------

--
-- Estructura de tabla para la tabla `movimientos_saldo`
--

CREATE TABLE `movimientos_saldo` (
  `id` int(11) NOT NULL,
  `id_usuario` int(11) NOT NULL,
  `tipo` enum('recarga','retiro','ganancia','comision') NOT NULL,
  `monto` decimal(12,2) NOT NULL,
  `descripcion` varchar(255) DEFAULT NULL,
  `fecha` timestamp NOT NULL DEFAULT current_timestamp()
) ENGINE=InnoDB DEFAULT CHARSET=utf8mb4 COLLATE=utf8mb4_general_ci;

--
-- Volcado de datos para la tabla `movimientos_saldo`
--

INSERT INTO `movimientos_saldo` (`id`, `id_usuario`, `tipo`, `monto`, `descripcion`, `fecha`) VALUES
(2, 4, 'ganancia', 28800.00, 'Ganancia por venta de 4 boleta(s) - rifa cocina completa', '2026-04-12 02:40:40'),
(3, 1, 'ganancia', 40000.00, 'Ganancia por venta de 5 boleta(s) - Rifa 5090 rtx', '2026-04-12 02:44:13'),
(4, 1, 'comision', 17200.00, 'Comisión retroactiva (20%) sobre 9 pagos históricos', '2026-04-12 02:53:57'),
(5, 5, 'ganancia', 72000.00, 'Ganancia por venta de 6 boleta(s) - Rifa iPhone 17 pro max', '2026-04-12 02:58:04'),
(6, 1, 'comision', 18000.00, 'Comisión plataforma (20%) - 6 boleta(s) - Rifa iPhone 17 pro max', '2026-04-12 02:58:04'),
(7, 15, 'recarga', 300000.00, 'Recarga de saldo desde plataforma', '2026-04-12 18:15:24'),
(8, 15, '', 40000.00, 'Compra de 4 boleta(s) - rifa ps5 slim', '2026-04-12 18:29:11'),
(9, 6, 'ganancia', 32000.00, 'Ganancia por venta de 4 boleta(s) - rifa ps5 slim', '2026-04-12 18:29:11'),
(10, 1, 'comision', 8000.00, 'Comisión plataforma (20%) - 4 boleta(s) - rifa ps5 slim', '2026-04-12 18:29:11'),
(11, 15, '', 105000.00, 'Compra de 7 boleta(s) - rifa iphone 14', '2026-04-12 18:39:21'),
(12, 5, 'ganancia', 84000.00, 'Ganancia por venta de 7 boleta(s) - rifa iphone 14', '2026-04-12 18:39:21'),
(13, 1, 'comision', 21000.00, 'Comisión plataforma (20%) - 7 boleta(s) - rifa iphone 14', '2026-04-12 18:39:21'),
(14, 61, 'recarga', 100000.00, 'Recarga vía Pse por $100.000', '2026-04-12 20:43:22'),
(15, 61, '', 54000.00, 'Compra de 6 boleta(s) - rifa gaming setup', '2026-04-12 20:43:54'),
(16, 6, 'ganancia', 43200.00, 'Ganancia por venta de 6 boleta(s) - rifa gaming setup', '2026-04-12 20:43:54'),
(17, 1, 'comision', 10800.00, 'Comisión plataforma (20%) - 6 boleta(s) - rifa gaming setup', '2026-04-12 20:43:54'),
(18, 5, 'retiro', 10000.00, 'Retiro a cuenta bancaria · Nequi · 300300300 · $10.000', '2026-04-12 20:58:13'),
(19, 10, 'recarga', 200000.00, 'Recarga vía Nequi por $200.000', '2026-04-13 19:27:29'),
(20, 10, '', 78000.00, 'Compra de 6 boleta(s) - rifa nintendo switch', '2026-04-13 19:28:09'),
(21, 9, 'ganancia', 62400.00, 'Ganancia por venta de 6 boleta(s) - rifa nintendo switch', '2026-04-13 19:28:09'),
(22, 1, 'comision', 15600.00, 'Comisión plataforma (20%) - 6 boleta(s) - rifa nintendo switch', '2026-04-13 19:28:09'),
(23, 9, 'recarga', 200000.00, 'Recarga vía Pse por $200.000', '2026-04-13 19:32:39'),
(24, 9, 'retiro', 10000.00, 'Retiro a cuenta bancaria · Bancolombia · 21211212 · $10.000', '2026-04-13 19:32:51'),
(25, 8, 'recarga', 100000.00, 'Recarga vía Tarjeta por $100.000', '2026-04-13 19:58:08'),
(26, 8, '', 42000.00, 'Compra de 7 boleta(s) - mouse logitech g203', '2026-04-13 19:58:23'),
(27, 9, 'ganancia', 33600.00, 'Ganancia por venta de 7 boleta(s) - mouse logitech g203', '2026-04-13 19:58:23'),
(28, 1, 'comision', 8400.00, 'Comisión plataforma (20%) - 7 boleta(s) - mouse logitech g203', '2026-04-13 19:58:23'),
(29, 9, '', 60000.00, 'Compra de 5 boleta(s) - Lego editions - trofeo oficial copa del mundo', '2026-04-13 20:06:32'),
(30, 61, 'ganancia', 48000.00, 'Ganancia por venta de 5 boleta(s) - Lego editions - trofeo oficial copa del mundo', '2026-04-13 20:06:32'),
(31, 1, 'comision', 12000.00, 'Comisión plataforma (20%) - 5 boleta(s) - Lego editions - trofeo oficial copa del mundo', '2026-04-13 20:06:32'),
(32, 18, 'recarga', 200000.00, 'Recarga vía Nequi por $200.000', '2026-04-13 20:07:17'),
(33, 18, '', 66000.00, 'Compra de 6 boleta(s) - rifa xbox series s', '2026-04-13 20:07:36'),
(34, 10, 'ganancia', 52800.00, 'Ganancia por venta de 6 boleta(s) - rifa xbox series s', '2026-04-13 20:07:36'),
(35, 1, 'comision', 13200.00, 'Comisión plataforma (20%) - 6 boleta(s) - rifa xbox series s', '2026-04-13 20:07:36'),
(36, 14, 'recarga', 500000.00, 'Recarga vía Nequi por $500.000', '2026-04-13 20:20:51'),
(37, 14, '', 25000.00, 'Compra de 5 boleta(s) - computador de escritorio', '2026-04-13 20:21:03'),
(38, 10, 'ganancia', 20000.00, 'Ganancia por venta de 5 boleta(s) - computador de escritorio', '2026-04-13 20:21:03'),
(39, 1, 'comision', 5000.00, 'Comisión plataforma (20%) - 5 boleta(s) - computador de escritorio', '2026-04-13 20:21:03'),
(40, 15, '', 25000.00, 'Compra de 5 boleta(s) - computador de escritorio', '2026-04-13 20:21:33'),
(41, 10, 'ganancia', 20000.00, 'Ganancia por venta de 5 boleta(s) - computador de escritorio', '2026-04-13 20:21:33'),
(42, 1, 'comision', 5000.00, 'Comisión plataforma (20%) - 5 boleta(s) - computador de escritorio', '2026-04-13 20:21:33'),
(43, 15, '', 50000.00, 'Compra de 5 boleta(s) - camara cannon', '2026-04-13 20:51:02'),
(44, 18, 'ganancia', 40000.00, 'Ganancia por venta de 5 boleta(s) - camara cannon', '2026-04-13 20:51:02'),
(45, 1, 'comision', 10000.00, 'Comisión plataforma (20%) - 5 boleta(s) - camara cannon', '2026-04-13 20:51:02'),
(46, 12, 'recarga', 500000.00, 'Recarga vía Nequi por $500.000', '2026-04-13 20:51:41'),
(47, 12, '', 50000.00, 'Compra de 5 boleta(s) - camara cannon', '2026-04-13 20:51:51'),
(48, 18, 'ganancia', 40000.00, 'Ganancia por venta de 5 boleta(s) - camara cannon', '2026-04-13 20:51:51'),
(49, 1, 'comision', 10000.00, 'Comisión plataforma (20%) - 5 boleta(s) - camara cannon', '2026-04-13 20:51:51');

-- --------------------------------------------------------

--
-- Estructura de tabla para la tabla `notificaciones`
--

CREATE TABLE `notificaciones` (
  `id` int(11) NOT NULL,
  `id_usuario` int(11) DEFAULT NULL,
  `id_rifa` int(11) DEFAULT NULL,
  `mensaje` varchar(255) DEFAULT NULL,
  `tipo` enum('recordatorio','resultado','alerta','confirmacion') DEFAULT NULL,
  `fecha` timestamp NOT NULL DEFAULT current_timestamp()
) ENGINE=InnoDB DEFAULT CHARSET=utf8mb4 COLLATE=utf8mb4_general_ci;

--
-- Volcado de datos para la tabla `notificaciones`
--

INSERT INTO `notificaciones` (`id`, `id_usuario`, `id_rifa`, `mensaje`, `tipo`, `fecha`) VALUES
(11, 5, 6, 'recuerda que el sorteo se realizara pronto', 'recordatorio', '2026-03-24 14:11:53'),
(12, 6, 7, 'recuerda que el sorteo se realizara pronto', 'recordatorio', '2026-03-24 14:11:53'),
(13, 7, 8, 'recuerda que el sorteo se realizara pronto', 'recordatorio', '2026-03-24 14:11:53'),
(14, 8, 9, 'recuerda que el sorteo se realizara pronto', 'recordatorio', '2026-03-24 14:11:53'),
(15, 9, 10, 'recuerda que el sorteo se realizara pronto', 'recordatorio', '2026-03-24 14:11:53'),
(16, 5, 1, 'felicitaciones, has resultado ganador del sorteo', 'resultado', '2026-03-24 14:11:53'),
(17, 6, 2, 'felicitaciones, has resultado ganador del sorteo', 'resultado', '2026-03-24 14:11:53'),
(18, 7, 3, 'felicitaciones, has resultado ganador del sorteo', 'resultado', '2026-03-24 14:11:53'),
(19, 8, 4, 'felicitaciones, has resultado ganador del sorteo', 'resultado', '2026-03-24 14:11:53'),
(20, 9, 5, 'felicitaciones, has resultado ganador del sorteo', 'resultado', '2026-03-24 14:11:53'),
(21, 2, 1, 'el sorteo ha sido ejecutado correctamente', 'alerta', '2026-03-24 14:11:53'),
(22, 3, 2, 'el sorteo ha sido ejecutado correctamente', 'alerta', '2026-03-24 14:11:53'),
(23, 4, 3, 'el sorteo ha sido ejecutado correctamente', 'alerta', '2026-03-24 14:11:53'),
(24, 2, 4, 'el sorteo ha sido ejecutado correctamente', 'alerta', '2026-03-24 14:11:53'),
(25, 3, 5, 'el sorteo ha sido ejecutado correctamente', 'alerta', '2026-03-24 14:11:53'),
(41, 5, 6, 'recuerda que el sorteo se realizara pronto', 'recordatorio', '2026-03-26 12:21:06'),
(42, 6, 7, 'recuerda que el sorteo se realizara pronto', 'recordatorio', '2026-03-26 12:21:06'),
(43, 7, 8, 'recuerda que el sorteo se realizara pronto', 'recordatorio', '2026-03-26 12:21:06'),
(44, 8, 9, 'recuerda que el sorteo se realizara pronto', 'recordatorio', '2026-03-26 12:21:06'),
(45, 9, 10, 'recuerda que el sorteo se realizara pronto', 'recordatorio', '2026-03-26 12:21:06'),
(46, 5, 1, 'felicitaciones, has resultado ganador del sorteo', 'resultado', '2026-03-26 12:21:06'),
(47, 6, 2, 'felicitaciones, has resultado ganador del sorteo', 'resultado', '2026-03-26 12:21:06'),
(48, 7, 3, 'felicitaciones, has resultado ganador del sorteo', 'resultado', '2026-03-26 12:21:06'),
(49, 8, 4, 'felicitaciones, has resultado ganador del sorteo', 'resultado', '2026-03-26 12:21:06'),
(50, 9, 5, 'felicitaciones, has resultado ganador del sorteo', 'resultado', '2026-03-26 12:21:06'),
(51, 2, 1, 'el sorteo ha sido ejecutado correctamente', 'alerta', '2026-03-26 12:21:06'),
(52, 3, 2, 'el sorteo ha sido ejecutado correctamente', 'alerta', '2026-03-26 12:21:06'),
(53, 4, 3, 'el sorteo ha sido ejecutado correctamente', 'alerta', '2026-03-26 12:21:06'),
(54, 2, 4, 'el sorteo ha sido ejecutado correctamente', 'alerta', '2026-03-26 12:21:06'),
(55, 3, 5, 'el sorteo ha sido ejecutado correctamente', 'alerta', '2026-03-26 12:21:06'),
(58, 18, 22, 'Tu compra de boletas fue registrada exitosamente', 'confirmacion', '2026-04-12 02:40:40'),
(59, 1, 59, 'Tu compra de boletas fue registrada exitosamente', 'confirmacion', '2026-04-12 02:44:13'),
(60, 19, 60, 'Tu compra de boletas fue registrada exitosamente', 'confirmacion', '2026-04-12 02:58:04'),
(61, 15, 3, 'Tu compra de boletas fue registrada exitosamente', 'confirmacion', '2026-04-12 18:29:11'),
(62, 15, 2, 'Tu compra de boletas fue registrada exitosamente', 'confirmacion', '2026-04-12 18:39:21'),
(63, 61, 10, 'Tu compra de boletas fue registrada exitosamente', 'confirmacion', '2026-04-12 20:43:54'),
(64, 10, 13, 'Tu compra de boletas fue registrada exitosamente', 'confirmacion', '2026-04-13 19:28:09'),
(65, 8, 63, 'Tu compra de boletas fue registrada exitosamente', 'confirmacion', '2026-04-13 19:58:23'),
(66, 14, 64, 'Tu compra de boletas fue registrada exitosamente', 'confirmacion', '2026-04-13 20:21:03'),
(67, 15, 64, 'Tu compra de boletas fue registrada exitosamente', 'confirmacion', '2026-04-13 20:21:33'),
(69, 15, 65, 'Tu compra de boletas fue registrada exitosamente', 'confirmacion', '2026-04-13 20:51:02'),
(70, 12, 65, 'Tu compra de boletas fue registrada exitosamente', 'confirmacion', '2026-04-13 20:51:51'),
(71, 12, 65, '🏆 ¡GANASTE la rifa \"camara cannon\"! Tu boleta #0007 fue la ganadora. Premio: camara cannon. Contacta al organizador para reclamar tu premio.', 'resultado', '2026-04-13 20:51:51');

-- --------------------------------------------------------

--
-- Estructura de tabla para la tabla `pagos`
--

CREATE TABLE `pagos` (
  `id` int(11) NOT NULL,
  `id_boleta` int(11) NOT NULL,
  `metodo_pago` enum('nequi','daviplata','pse','tarjeta','otros') NOT NULL,
  `valor` decimal(10,2) DEFAULT NULL,
  `estado` enum('pendiente','aprobado','rechazado','reembolsado') DEFAULT 'pendiente',
  `fecha_pago` timestamp NOT NULL DEFAULT current_timestamp()
) ENGINE=InnoDB DEFAULT CHARSET=utf8mb4 COLLATE=utf8mb4_general_ci;

--
-- Volcado de datos para la tabla `pagos`
--

INSERT INTO `pagos` (`id`, `id_boleta`, `metodo_pago`, `valor`, `estado`, `fecha_pago`) VALUES
(767, 1062, 'nequi', 9000.00, 'aprobado', '2026-04-12 02:40:40'),
(768, 490, 'nequi', 9000.00, 'aprobado', '2026-04-12 02:40:40'),
(769, 1065, 'nequi', 9000.00, 'aprobado', '2026-04-12 02:40:40'),
(770, 1066, 'nequi', 9000.00, 'aprobado', '2026-04-12 02:40:40'),
(771, 1211, 'pse', 10000.00, 'aprobado', '2026-04-12 02:44:13'),
(772, 1213, 'pse', 10000.00, 'aprobado', '2026-04-12 02:44:13'),
(773, 1222, 'pse', 10000.00, 'aprobado', '2026-04-12 02:44:13'),
(774, 1227, 'pse', 10000.00, 'aprobado', '2026-04-12 02:44:13'),
(775, 1234, 'pse', 10000.00, 'aprobado', '2026-04-12 02:44:13'),
(776, 1255, 'nequi', 15000.00, 'aprobado', '2026-04-12 02:58:04'),
(777, 1263, 'nequi', 15000.00, 'aprobado', '2026-04-12 02:58:04'),
(778, 1265, 'nequi', 15000.00, 'aprobado', '2026-04-12 02:58:04'),
(779, 1267, 'nequi', 15000.00, 'aprobado', '2026-04-12 02:58:04'),
(780, 1273, 'nequi', 15000.00, 'aprobado', '2026-04-12 02:58:04'),
(781, 1274, 'nequi', 15000.00, 'aprobado', '2026-04-12 02:58:04'),
(782, 624, '', 10000.00, 'aprobado', '2026-04-12 18:29:11'),
(783, 629, '', 10000.00, 'aprobado', '2026-04-12 18:29:11'),
(784, 54, '', 10000.00, 'aprobado', '2026-04-12 18:29:11'),
(785, 634, '', 10000.00, 'aprobado', '2026-04-12 18:29:11'),
(786, 26, '', 15000.00, 'aprobado', '2026-04-12 18:39:21'),
(787, 602, '', 15000.00, 'aprobado', '2026-04-12 18:39:21'),
(788, 27, '', 15000.00, 'aprobado', '2026-04-12 18:39:21'),
(789, 610, '', 15000.00, 'aprobado', '2026-04-12 18:39:21'),
(790, 35, '', 15000.00, 'aprobado', '2026-04-12 18:39:21'),
(791, 611, '', 15000.00, 'aprobado', '2026-04-12 18:39:21'),
(792, 36, '', 15000.00, 'aprobado', '2026-04-12 18:39:21'),
(793, 785, '', 9000.00, 'aprobado', '2026-04-12 20:43:54'),
(794, 210, '', 9000.00, 'aprobado', '2026-04-12 20:43:54'),
(795, 790, '', 9000.00, 'aprobado', '2026-04-12 20:43:54'),
(796, 215, '', 9000.00, 'aprobado', '2026-04-12 20:43:54'),
(797, 795, '', 9000.00, 'aprobado', '2026-04-12 20:43:54'),
(798, 220, '', 9000.00, 'aprobado', '2026-04-12 20:43:54'),
(799, 852, '', 13000.00, 'aprobado', '2026-04-13 19:28:09'),
(800, 858, '', 13000.00, 'aprobado', '2026-04-13 19:28:09'),
(801, 284, '', 13000.00, 'aprobado', '2026-04-13 19:28:09'),
(802, 860, '', 13000.00, 'aprobado', '2026-04-13 19:28:09'),
(803, 863, '', 13000.00, 'aprobado', '2026-04-13 19:28:09'),
(804, 289, '', 13000.00, 'aprobado', '2026-04-13 19:28:09'),
(805, 1393, '', 6000.00, 'aprobado', '2026-04-13 19:58:23'),
(806, 1395, '', 6000.00, 'aprobado', '2026-04-13 19:58:23'),
(807, 1396, '', 6000.00, 'aprobado', '2026-04-13 19:58:23'),
(808, 1404, '', 6000.00, 'aprobado', '2026-04-13 19:58:23'),
(809, 1405, '', 6000.00, 'aprobado', '2026-04-13 19:58:23'),
(810, 1406, '', 6000.00, 'aprobado', '2026-04-13 19:58:23'),
(811, 1407, '', 6000.00, 'aprobado', '2026-04-13 19:58:23'),
(812, 1335, '', 12000.00, 'aprobado', '2026-04-13 20:06:32'),
(813, 1345, '', 12000.00, 'aprobado', '2026-04-13 20:06:32'),
(814, 1355, '', 12000.00, 'aprobado', '2026-04-13 20:06:32'),
(815, 1365, '', 12000.00, 'aprobado', '2026-04-13 20:06:32'),
(816, 1366, '', 12000.00, 'aprobado', '2026-04-13 20:06:32'),
(817, 142, '', 11000.00, 'aprobado', '2026-04-13 20:07:36'),
(818, 718, '', 11000.00, 'aprobado', '2026-04-13 20:07:36'),
(819, 147, '', 11000.00, 'aprobado', '2026-04-13 20:07:36'),
(820, 148, '', 11000.00, 'aprobado', '2026-04-13 20:07:36'),
(821, 152, '', 11000.00, 'aprobado', '2026-04-13 20:07:36'),
(822, 728, '', 11000.00, 'aprobado', '2026-04-13 20:07:36'),
(823, 1421, '', 5000.00, 'aprobado', '2026-04-13 20:21:03'),
(824, 1422, '', 5000.00, 'aprobado', '2026-04-13 20:21:03'),
(825, 1423, '', 5000.00, 'aprobado', '2026-04-13 20:21:03'),
(826, 1424, '', 5000.00, 'aprobado', '2026-04-13 20:21:03'),
(827, 1425, '', 5000.00, 'aprobado', '2026-04-13 20:21:03'),
(828, 1426, '', 5000.00, 'aprobado', '2026-04-13 20:21:33'),
(829, 1427, '', 5000.00, 'aprobado', '2026-04-13 20:21:33'),
(830, 1428, '', 5000.00, 'aprobado', '2026-04-13 20:21:33'),
(831, 1429, '', 5000.00, 'aprobado', '2026-04-13 20:21:33'),
(832, 1430, '', 5000.00, 'aprobado', '2026-04-13 20:21:33'),
(833, 1431, '', 10000.00, 'aprobado', '2026-04-13 20:51:02'),
(834, 1432, '', 10000.00, 'aprobado', '2026-04-13 20:51:02'),
(835, 1433, '', 10000.00, 'aprobado', '2026-04-13 20:51:02'),
(836, 1434, '', 10000.00, 'aprobado', '2026-04-13 20:51:02'),
(837, 1435, '', 10000.00, 'aprobado', '2026-04-13 20:51:02'),
(838, 1436, '', 10000.00, 'aprobado', '2026-04-13 20:51:51'),
(839, 1437, '', 10000.00, 'aprobado', '2026-04-13 20:51:51'),
(840, 1438, '', 10000.00, 'aprobado', '2026-04-13 20:51:51'),
(841, 1439, '', 10000.00, 'aprobado', '2026-04-13 20:51:51'),
(842, 1440, '', 10000.00, 'aprobado', '2026-04-13 20:51:51');

-- --------------------------------------------------------

--
-- Estructura de tabla para la tabla `recuperacion_contrasena`
--

CREATE TABLE `recuperacion_contrasena` (
  `id` int(11) NOT NULL,
  `id_usuario` int(11) NOT NULL,
  `token` varchar(64) NOT NULL,
  `fecha_expira` datetime NOT NULL,
  `usado` tinyint(1) DEFAULT 0,
  `fecha_creacion` timestamp NOT NULL DEFAULT current_timestamp()
) ENGINE=InnoDB DEFAULT CHARSET=utf8mb4 COLLATE=utf8mb4_general_ci;

--
-- Volcado de datos para la tabla `recuperacion_contrasena`
--

INSERT INTO `recuperacion_contrasena` (`id`, `id_usuario`, `token`, `fecha_expira`, `usado`, `fecha_creacion`) VALUES
(1, 11, '1b39c71b3f402b01ec9ef7c8cb2ed24ce786f27b206a95476422d6d5f66b20db', '2026-04-10 00:32:37', 1, '2026-04-09 21:32:37'),
(2, 20, '56d534d7cd138f510db77aed791458605ff5ee2210c13a041d89618f06983d90', '2026-04-12 05:13:09', 0, '2026-04-12 02:13:09'),
(3, 62, 'c72f7505764fa6e339037d65cd7cb5c9404035c1316ecb6af4b62ed06952182d', '2026-04-12 23:41:48', 1, '2026-04-12 21:11:48'),
(4, 62, '8b57a190a2465dd7728d158e221fe1c49b3667684acbd5a91d8da55479ab1e0f', '2026-04-12 23:48:46', 1, '2026-04-12 21:18:46'),
(5, 62, 'f1ca3db80ec566b0a5a59f22ae2c9e243be6003aa01b61239fae4f4cbdd7a806', '2026-04-12 23:52:06', 0, '2026-04-12 21:22:06'),
(6, 10, '572deae4d546d09a8285109e9b6841b8ede8d3a60200d773737b20299171877d', '2026-04-13 21:56:30', 1, '2026-04-13 19:26:30');

-- --------------------------------------------------------

--
-- Estructura de tabla para la tabla `rifas`
--

CREATE TABLE `rifas` (
  `id` int(11) NOT NULL,
  `id_organizador` int(11) NOT NULL,
  `titulo` varchar(150) NOT NULL,
  `descripcion` text DEFAULT NULL,
  `premio` varchar(150) NOT NULL,
  `precio_boleta` decimal(10,2) NOT NULL,
  `cantidad_boletas` int(11) NOT NULL,
  `fecha_inicio` datetime DEFAULT NULL,
  `fecha_fin` datetime DEFAULT NULL,
  `estado` enum('pendiente','aprobada','rechazada','activa','finalizada','cancelada') DEFAULT 'pendiente',
  `requisitos_legales` text DEFAULT NULL,
  `imagen_url` varchar(500) DEFAULT NULL,
  `fecha_creacion` timestamp NOT NULL DEFAULT current_timestamp()
) ENGINE=InnoDB DEFAULT CHARSET=utf8mb4 COLLATE=utf8mb4_general_ci;

--
-- Volcado de datos para la tabla `rifas`
--

INSERT INTO `rifas` (`id`, `id_organizador`, `titulo`, `descripcion`, `premio`, `precio_boleta`, `cantidad_boletas`, `fecha_inicio`, `fecha_fin`, `estado`, `requisitos_legales`, `imagen_url`, `fecha_creacion`) VALUES
(1, 4, 'rifa moto akt 125', 'rifa para ganar una moto akt 125 modelo 2024', 'moto akt 125 0km', 20000.00, 30, '2025-01-01 00:00:00', '2026-07-10 21:37:21', 'activa', 'documento coljuegos aprobado', NULL, '2026-03-24 14:11:53'),
(2, 5, 'rifa iphone 14', 'gana un iphone 14 completamente nuevo', 'iphone 14 128gb', 15000.00, 30, '2025-01-02 00:00:00', '2026-07-10 21:37:21', 'activa', 'certificado coljuegos', NULL, '2026-03-24 14:11:53'),
(3, 6, 'rifa ps5 slim', 'gana una consola ps5 slim', 'playstation 5 slim', 10000.00, 30, '2025-01-03 00:00:00', '2026-07-10 21:37:21', 'activa', 'certificado coljuegos', NULL, '2026-03-24 14:11:53'),
(4, 7, 'rifa portatil hp', 'rifa de portatil hp para estudio y trabajo', 'portatil hp ryzen 5', 8000.00, 30, '2025-01-04 00:00:00', '2026-07-10 21:37:21', 'activa', 'certificado coljuegos', NULL, '2026-03-24 14:11:53'),
(5, 8, 'rifa silla gamer', 'silla gamer roja y negra', 'silla gamer cougar', 5000.00, 30, '2025-01-05 00:00:00', '2026-07-10 21:37:21', 'activa', 'certificado coljuegos', NULL, '2026-03-24 14:11:53'),
(6, 9, 'rifa bicicleta gw', 'bicicleta gw rin 29', 'bicicleta gw rin 29', 7000.00, 30, '2025-01-06 00:00:00', '2026-07-10 21:37:21', 'finalizada', 'documento aprobado', NULL, '2026-03-24 14:11:53'),
(7, 10, 'rifa xbox series s', 'rifa para ganar xbox series s', 'xbox series s 512gb', 11000.00, 30, '2025-01-07 00:00:00', '2026-07-10 21:37:21', 'activa', 'certificado coljuegos', NULL, '2026-03-24 14:11:53'),
(8, 4, 'rifa viaje cartagena', 'viaje para dos personas a cartagena', 'paquete turistico 3 dias', 25000.00, 30, '2025-01-08 00:00:00', '2026-07-10 21:37:21', 'activa', 'certificado coljuegos', NULL, '2026-03-24 14:11:53'),
(9, 5, 'rifa smartwatch samsung', 'smartwatch samsung galaxy watch 6', 'galaxy watch 6', 6000.00, 30, '2025-01-09 00:00:00', '2026-07-10 21:37:21', 'activa', 'documento coljuegos', NULL, '2026-03-24 14:11:53'),
(10, 6, 'rifa gaming setup', 'kit de teclado, mouse y audifonos gamer', 'combo gamer logitech', 9000.00, 30, '2025-01-10 00:00:00', '2026-07-10 21:37:21', '', 'certificado coljuegos', NULL, '2026-03-24 14:11:53'),
(11, 7, 'rifa drone dji mini', 'gana drone dji mini 3 pro', 'dji mini 3 pro', 18000.00, 30, '2025-01-11 00:00:00', '2026-07-10 21:37:21', 'activa', 'certificado coljuegos', NULL, '2026-03-24 14:11:53'),
(12, 8, 'rifa parlante jbl', 'parlante jbl charge 5', 'jbl charge 5', 7000.00, 30, '2025-01-12 00:00:00', '2026-07-10 21:37:21', 'activa', 'certificado coljuegos', NULL, '2026-03-24 14:11:53'),
(13, 9, 'rifa nintendo switch', 'gana una nintendo switch oled', 'nintendo switch oled', 13000.00, 30, '2025-01-13 00:00:00', '2026-07-10 21:37:21', 'activa', 'certificado coljuegos', NULL, '2026-03-24 14:11:53'),
(14, 10, 'rifa monitor gamer', 'monitor gamer 144hz 27 pulgadas', 'monitor acer 144hz', 12000.00, 30, '2025-01-14 00:00:00', '2026-07-10 21:37:21', 'activa', 'documento aprobado', NULL, '2026-03-24 14:11:53'),
(15, 4, 'rifa audifonos sony', 'audifonos sony wh1000xm5', 'sony wh1000xm5', 9000.00, 30, '2025-01-15 00:00:00', '2026-07-10 21:37:21', 'activa', 'certificado coljuegos', NULL, '2026-03-24 14:11:53'),
(16, 5, 'rifa teclado mecanico', 'teclado mecanico rgb', 'teclado redragon kumara', 4000.00, 30, '2025-01-16 00:00:00', '2026-07-10 21:37:21', 'activa', 'certificado coljuegos', NULL, '2026-03-24 14:11:53'),
(17, 6, 'rifa kit estudio', 'luces led + microfono + brazo', 'kit de creacion de contenido', 8000.00, 30, '2025-01-17 00:00:00', '2026-07-10 21:37:21', 'activa', 'certificado coljuegos', NULL, '2026-03-24 14:11:53'),
(18, 7, 'rifa set perfumes', 'set de perfumes originales', 'perfume paco rabanne', 6000.00, 30, '2025-01-18 00:00:00', '2026-07-10 21:37:21', 'activa', 'certificado coljuegos', NULL, '2026-03-24 14:11:53'),
(19, 8, 'rifa freidora de aire', 'freidora de aire 5 litros', 'freidora de aire kalley', 5000.00, 30, '2025-01-19 00:00:00', '2026-07-10 21:37:21', 'activa', 'certificado coljuegos', NULL, '2026-03-24 14:11:53'),
(20, 9, 'rifa tablet samsung', 'tablet samsung a9 2024', 'samsung galaxy tab a9', 11000.00, 30, '2025-01-20 00:00:00', '2026-07-10 21:37:21', 'activa', 'certificado coljuegos', NULL, '2026-03-24 14:11:53'),
(21, 10, 'rifa cafetera', 'cafetera de capsulas nespresso', 'cafetera nespresso', 7000.00, 30, '2025-01-21 00:00:00', '2026-07-10 21:37:21', '', 'certificado coljuegos', NULL, '2026-03-24 14:11:53'),
(22, 4, 'rifa cocina completa', 'set de ollas y sartenes premium', 'set cocina tefal', 9000.00, 30, '2025-01-22 00:00:00', '2026-07-10 21:37:21', 'activa', 'certificado coljuegos', NULL, '2026-03-24 14:11:53'),
(23, 5, 'rifa kit aseo', 'combo de productos de aseo personal', 'set aseo completo', 3000.00, 30, '2025-01-23 00:00:00', '2026-07-10 21:37:21', 'activa', 'certificado coljuegos', NULL, '2026-03-24 14:11:53'),
(24, 6, 'rifa microondas', 'microondas samsung 20l', 'microondas samsung', 8000.00, 30, '2025-01-24 00:00:00', '2026-07-10 21:37:21', 'activa', 'certificado coljuegos', NULL, '2026-03-24 14:11:53'),
(25, 7, 'rifa barra de sonido', 'barra de sonido lg', 'lg soundbar', 9000.00, 30, '2025-01-25 00:00:00', '2026-07-10 21:37:21', 'activa', 'documento aprobado', NULL, '2026-03-24 14:11:53'),
(26, 8, 'rifa teclado gamer', 'teclado gamer rgb', 'teclado logitech g213', 5000.00, 30, '2025-01-26 00:00:00', '2026-07-10 21:37:21', '', 'certificado coljuegos', NULL, '2026-03-24 14:11:53'),
(27, 9, 'rifa silla oficina', 'silla ergonómica para oficina', 'silla ergonómica gris', 7000.00, 30, '2025-01-27 00:00:00', '2026-07-10 21:37:21', 'activa', 'certificado coljuegos', NULL, '2026-03-24 14:11:53'),
(28, 10, 'rifa camara web', 'camara web logitech 1080p', 'logitech c920', 5000.00, 30, '2025-01-28 00:00:00', '2026-07-10 21:37:21', 'activa', 'certificado coljuegos', NULL, '2026-03-24 14:11:53'),
(58, 20, 'TV Samsung 4k', 'televisor samsung', 'TV Samsung 4k', 5000.00, 30, '2026-03-31 17:43:33', '2026-07-10 21:37:21', '', 'Rifa creada por usuario en plataforma Soplit.Luck', 'https://http2.mlstatic.com/D_NQ_NP_613386-MLA99985185621_112025-O.webp', '2026-03-31 22:43:33'),
(59, 1, 'Rifa 5090 rtx', 'gana una 5090 rtx', '5090 rtx', 10000.00, 30, '2026-04-11 21:43:22', '2026-04-30 10:00:00', 'activa', 'Rifa creada por usuario en plataforma Soplit.Luck', 'https://static.gigabyte.com/StaticFile/Image/Global/f0f245a0268582e4e4da287048655c1e/ProductRemoveBg/43858', '2026-04-12 02:43:22'),
(60, 5, 'Rifa iPhone 17 pro max', 'gana un iPhone 17 pro max', 'iPhone 17 pro max', 15000.00, 40, '2026-04-11 21:56:36', '2026-04-30 21:56:00', 'activa', 'Rifa creada por usuario en plataforma Soplit.Luck', 'https://www.phonelectrics.com/cdn/shop/files/iPhone17Pro-1.jpg?v=1767037401', '2026-04-12 02:56:36'),
(62, 61, 'Lego editions - trofeo oficial copa del mundo', 'participa para ganar un Lego editions de la copa del mundo', 'Lego, copa del mundo', 12000.00, 40, '2026-04-12 16:04:26', '2026-04-30 16:04:00', 'activa', 'Rifa creada por usuario en plataforma Soplit.Luck', 'https://exitocol.vtexassets.com/arquivos/ids/32659903/lego-editions-trofeo-oficial-copa-mundial-fifa-2842-piezas.jpg?v=639081544321530000', '2026-04-12 21:04:26'),
(63, 9, 'mouse logitech g203', 'gana un mouse logitech', 'mouse logitech g203 negro', 6000.00, 50, '2026-04-13 14:31:23', '2026-04-30 14:00:00', 'activa', 'Rifa creada por usuario en plataforma Soplit.Luck', 'https://www.mipcparquecentral.com/cdn/shop/files/imagen-mouse_logitech_g203_rgb_lightsync_con_6_botones_negro.jpg?v=1717068251', '2026-04-13 19:31:23'),
(64, 10, 'computador de escritorio', 'dasadsadsda', 'compu', 5000.00, 10, '2026-04-13 15:20:00', '2026-04-14 15:19:00', 'activa', 'Rifa creada por usuario en plataforma Soplit.Luck', 'https://agaval.vtexassets.com/arquivos/ids/1676299-800-600?v=638550363121100000&width=800&height=600&aspect=true', '2026-04-13 20:20:00'),
(65, 18, 'camara cannon', 'camara', 'camara cannon', 10000.00, 10, '2026-04-13 15:50:09', '2026-04-14 16:55:00', 'finalizada', 'Rifa creada por usuario en plataforma Soplit.Luck', 'https://encrypted-tbn0.gstatic.com/images?q=tbn:ANd9GcRDIYC-A__YXENPZTyRhs5SzrJmznXZdtPABw&s', '2026-04-13 20:50:09');

-- --------------------------------------------------------

--
-- Estructura de tabla para la tabla `sorteos`
--

CREATE TABLE `sorteos` (
  `id` int(11) NOT NULL,
  `id_rifa` int(11) NOT NULL,
  `fecha_sorteo` datetime DEFAULT NULL,
  `numero_ganador` int(11) DEFAULT NULL,
  `estado` enum('pendiente','ejecutado') DEFAULT 'pendiente'
) ENGINE=InnoDB DEFAULT CHARSET=utf8mb4 COLLATE=utf8mb4_general_ci;

--
-- Volcado de datos para la tabla `sorteos`
--

INSERT INTO `sorteos` (`id`, `id_rifa`, `fecha_sorteo`, `numero_ganador`, `estado`) VALUES
(1, 1, '2025-01-11 20:00:00', 7, 'ejecutado'),
(2, 2, '2025-01-12 20:00:00', 14, 'ejecutado'),
(3, 3, '2025-01-13 20:00:00', 3, 'ejecutado'),
(4, 4, '2025-01-14 20:00:00', 18, 'ejecutado'),
(5, 5, '2025-01-15 20:00:00', 11, 'ejecutado'),
(6, 6, '2025-01-16 20:00:00', NULL, 'pendiente'),
(7, 7, '2025-01-17 20:00:00', NULL, 'pendiente'),
(8, 8, '2025-01-18 20:00:00', NULL, 'pendiente'),
(9, 9, '2025-01-19 20:00:00', NULL, 'pendiente'),
(10, 10, '2025-01-20 20:00:00', NULL, 'pendiente'),
(11, 11, '2025-01-21 20:00:00', NULL, 'pendiente'),
(12, 12, '2025-01-22 20:00:00', NULL, 'pendiente'),
(13, 13, '2025-01-23 20:00:00', NULL, 'pendiente'),
(14, 14, '2025-01-24 20:00:00', NULL, 'pendiente'),
(15, 15, '2025-01-25 20:00:00', NULL, 'pendiente'),
(16, 16, '2025-01-26 20:00:00', NULL, 'pendiente'),
(17, 17, '2025-01-27 20:00:00', NULL, 'pendiente'),
(18, 18, '2025-01-28 20:00:00', NULL, 'pendiente'),
(19, 19, '2025-01-29 20:00:00', NULL, 'pendiente'),
(20, 20, '2025-01-30 20:00:00', NULL, 'pendiente'),
(21, 21, '2025-01-31 20:00:00', NULL, 'pendiente'),
(22, 22, '2025-02-01 20:00:00', NULL, 'pendiente'),
(23, 23, '2025-02-02 20:00:00', NULL, 'pendiente'),
(24, 24, '2025-02-03 20:00:00', NULL, 'pendiente'),
(25, 25, '2025-02-04 20:00:00', NULL, 'pendiente'),
(26, 1, '2025-01-11 20:00:00', 7, 'ejecutado'),
(27, 2, '2025-01-12 20:00:00', 14, 'ejecutado'),
(28, 3, '2025-01-13 20:00:00', 3, 'ejecutado'),
(29, 4, '2025-01-14 20:00:00', 18, 'ejecutado'),
(30, 5, '2025-01-15 20:00:00', 11, 'ejecutado'),
(31, 6, '2025-01-16 20:00:00', NULL, 'pendiente'),
(32, 7, '2025-01-17 20:00:00', NULL, 'pendiente'),
(33, 8, '2025-01-18 20:00:00', NULL, 'pendiente'),
(34, 9, '2025-01-19 20:00:00', NULL, 'pendiente'),
(35, 10, '2025-01-20 20:00:00', NULL, 'pendiente'),
(36, 11, '2025-01-21 20:00:00', NULL, 'pendiente'),
(37, 12, '2025-01-22 20:00:00', NULL, 'pendiente'),
(38, 13, '2025-01-23 20:00:00', NULL, 'pendiente'),
(39, 14, '2025-01-24 20:00:00', NULL, 'pendiente'),
(40, 15, '2025-01-25 20:00:00', NULL, 'pendiente'),
(41, 16, '2025-01-26 20:00:00', NULL, 'pendiente'),
(42, 17, '2025-01-27 20:00:00', NULL, 'pendiente'),
(43, 18, '2025-01-28 20:00:00', NULL, 'pendiente'),
(44, 19, '2025-01-29 20:00:00', NULL, 'pendiente'),
(45, 20, '2025-01-30 20:00:00', NULL, 'pendiente'),
(46, 21, '2025-01-31 20:00:00', NULL, 'pendiente'),
(47, 22, '2025-02-01 20:00:00', NULL, 'pendiente'),
(48, 23, '2025-02-02 20:00:00', NULL, 'pendiente'),
(49, 24, '2025-02-03 20:00:00', NULL, 'pendiente'),
(50, 25, '2025-02-04 20:00:00', NULL, 'pendiente'),
(52, 65, '2026-04-13 15:51:51', 7, 'ejecutado');

-- --------------------------------------------------------

--
-- Estructura de tabla para la tabla `usuarios`
--

CREATE TABLE `usuarios` (
  `id` int(11) NOT NULL,
  `nombre` varchar(80) NOT NULL,
  `apellido` varchar(80) DEFAULT NULL,
  `email` varchar(120) NOT NULL,
  `telefono` varchar(20) DEFAULT NULL,
  `cedula` varchar(20) DEFAULT NULL,
  `ciudad` varchar(80) DEFAULT NULL,
  `saldo` decimal(12,2) NOT NULL DEFAULT 0.00,
  `password_hash` varchar(255) NOT NULL,
  `rol` enum('admin','organizador','participante') DEFAULT 'participante',
  `estado` enum('activo','inactivo','suspendido') DEFAULT 'activo',
  `fecha_registro` timestamp NOT NULL DEFAULT current_timestamp()
) ENGINE=InnoDB DEFAULT CHARSET=utf8mb4 COLLATE=utf8mb4_general_ci;

--
-- Volcado de datos para la tabla `usuarios`
--

INSERT INTO `usuarios` (`id`, `nombre`, `apellido`, `email`, `telefono`, `cedula`, `ciudad`, `saldo`, `password_hash`, `rol`, `estado`, `fecha_registro`) VALUES
(1, 'julian', 'tautiva', 'julian.tautiva@soplit.com', '3001112233', NULL, NULL, 194200.00, 'hash123', 'admin', 'activo', '2026-03-24 14:11:53'),
(2, 'tomas', 'bolanos', 'tomas.bolanos@soplit.com', '3012223344', NULL, NULL, 0.00, 'hash124', 'admin', 'activo', '2026-03-24 14:11:53'),
(3, 'julian', 'hernandez', 'julian.hernandez@soplit.com', '3023334455', NULL, NULL, 0.00, 'hash125', 'admin', 'activo', '2026-03-24 14:11:53'),
(4, 'laura', 'montoya', 'laura.montoya@soplit.com', '3109876543', NULL, NULL, 57600.00, 'hash201', 'participante', 'activo', '2026-03-24 14:11:53'),
(5, 'camilo', 'garcia', 'camilo.garcia@soplit.com', '3142233445', NULL, NULL, 146000.00, 'hash202', 'participante', 'activo', '2026-03-24 14:11:53'),
(6, 'andrea', 'gomez', 'andrea.gomez@soplit.com', '3118899001', NULL, NULL, 75200.00, 'hash203', 'participante', 'activo', '2026-03-24 14:11:53'),
(7, 'sergio', 'ospina', 'sergio.ospina@soplit.com', '3129988776', NULL, NULL, 0.00, 'hash204', 'participante', 'activo', '2026-03-24 14:11:53'),
(8, 'mariana', 'velasquez', 'mariana.velasquez@soplit.com', '3165544332', NULL, NULL, 58000.00, 'hash205', 'participante', 'activo', '2026-03-24 14:11:53'),
(9, 'nicolas', 'torres', 'nicolas.torres@soplit.com', '3176655443', NULL, NULL, 226000.00, 'hash206', 'participante', 'activo', '2026-03-24 14:11:53'),
(10, 'valentina', 'rojas', 'valentina.rojas@soplit.com', '3154455667', NULL, NULL, 214800.00, '$2y$10$TqLJOorT0pwWoq.TEzKJve2H8dVoJWwHNoDBPVFJYjufYLPdN1eRe', 'participante', 'activo', '2026-03-24 14:11:53'),
(11, 'juan', 'perez', 'juan.perez@gmail.com', '3001114455', NULL, NULL, 0.00, '$2y$10$hbAH0u3JaPKEEHmwhar/..IpYyBhYSlm8LcWCAaiD8sqh6A/FP3K6', 'participante', 'activo', '2026-03-24 14:11:53'),
(12, 'maria', 'lopez', 'maria.lopez@gmail.com', '3002225566', NULL, NULL, 450000.00, 'hash302', 'participante', 'activo', '2026-03-24 14:11:53'),
(13, 'carlos', 'ramirez', 'carlos.ramirez@gmail.com', '3003336677', NULL, NULL, 0.00, 'hash303', 'participante', 'activo', '2026-03-24 14:11:53'),
(14, 'sofia', 'cortes', 'sofia.cortes@gmail.com', '3004447788', NULL, NULL, 475000.00, 'hash304', 'participante', 'activo', '2026-03-24 14:11:53'),
(15, 'felipe', 'ortiz', 'felipe.ortiz@gmail.com', '3005558899', NULL, NULL, 80000.00, 'hash305', 'participante', 'activo', '2026-03-24 14:11:53'),
(16, 'daniela', 'quintero', 'daniela.quintero@gmail.com', '3006669900', NULL, NULL, 0.00, 'hash306', 'participante', 'activo', '2026-03-24 14:11:53'),
(17, 'miguel', 'castro', 'miguel.castro@gmail.com', '3011112233', NULL, NULL, 0.00, 'hash307', 'participante', 'suspendido', '2026-03-24 14:11:53'),
(18, 'karla', 'jimenez', 'karla.jimenez@gmail.com', '3012223344', NULL, NULL, 214000.00, 'hash308', 'participante', 'activo', '2026-03-24 14:11:53'),
(19, 'sebastian', 'salazar', 'sebastian.salazar@gmail.com', '3013334455', NULL, NULL, 0.00, 'hash309', 'participante', 'activo', '2026-03-24 14:11:53'),
(20, 'johana', 'arenas', 'johana.arenas@gmail.com', '3014445566', NULL, NULL, 0.00, 'hash310', 'participante', 'activo', '2026-03-24 14:11:53'),
(21, 'valeria', 'navarro', 'valeria.navarro@gmail.com', '3015556677', NULL, NULL, 0.00, 'hash311', 'participante', 'activo', '2026-03-24 14:11:53'),
(22, 'diego', 'munoz', 'diego.munoz@gmail.com', '3016667788', NULL, NULL, 0.00, 'hash312', 'participante', 'activo', '2026-03-24 14:11:53'),
(23, 'camila', 'ruiz', 'camila.ruiz@gmail.com', '3021112233', NULL, NULL, 0.00, 'hash313', 'participante', 'activo', '2026-03-24 14:11:53'),
(24, 'santiago', 'lozano', 'santiago.lozano@gmail.com', '3022223344', NULL, NULL, 0.00, 'hash314', 'participante', 'activo', '2026-03-24 14:11:53'),
(25, 'juliana', 'pineda', 'juliana.pineda@gmail.com', '3023334455', NULL, NULL, 0.00, 'hash315', 'participante', 'activo', '2026-03-24 14:11:53'),
(26, 'luis', 'hurtado', 'luis.hurtado@gmail.com', '3024445566', NULL, NULL, 0.00, 'hash316', 'participante', 'activo', '2026-03-24 14:11:53'),
(27, 'adriana', 'morales', 'adriana.morales@gmail.com', '3025556677', NULL, NULL, 0.00, 'hash317', 'participante', 'activo', '2026-03-24 14:11:53'),
(28, 'manuel', 'rodriguez', 'manuel.rodriguez@gmail.com', '3026667788', NULL, NULL, 0.00, 'hash318', 'participante', 'activo', '2026-03-24 14:11:53'),
(29, 'paula', 'serrano', 'paula.serrano@gmail.com', '3031112233', NULL, NULL, 0.00, 'hash319', 'participante', 'activo', '2026-03-24 14:11:53'),
(30, 'kevin', 'santos', 'kevin.santos@soplit.com', '300200100', NULL, NULL, 0.00, '$2y$10$hqMCUF.YvuGIac6Hizl8b.pJBKo0t5AFUB8bET7vSvz6QB9e8ziUK', 'participante', 'activo', '2026-03-24 14:57:08'),
(60, 'yulian', 'soplesito', 'vivaelsople.666@gmail.com', '319638333132', '184837192812', 'Bogotá', 0.00, '$2y$10$2AeD/j.5QVIxf77PeCbsh.DUMEIOckUD9OV94IAHcZFYaTN9v6w/e', 'participante', 'activo', '2026-03-26 12:50:59'),
(61, 'Pedro', 'Porro', 'pedroporro@gmail.com', '300300300', '100100100', 'Cali', 94000.00, '$2y$10$lw.AjJSmFW..cK7JyAztW.cZdCTpRxzSLQbrfMPQSLG8ikfEQOt7C', 'participante', 'activo', '2026-04-12 20:42:19'),
(62, 'Julian', 'Mendez', 'juliantautivamendez@gmail.com', '3053550162', '1013100512', 'Bogotá', 0.00, '$2y$10$Q9MNuee3tzfFGYJDX/0MWeYlkQwBET.vVT5oGrtnCHmrcSzwxkHfm', 'participante', 'activo', '2026-04-12 21:11:42');

--
-- Índices para tablas volcadas
--

--
-- Indices de la tabla `auditorias_sorteo`
--
ALTER TABLE `auditorias_sorteo`
  ADD PRIMARY KEY (`id`),
  ADD KEY `id_sorteo` (`id_sorteo`);

--
-- Indices de la tabla `boletas`
--
ALTER TABLE `boletas`
  ADD PRIMARY KEY (`id`),
  ADD UNIQUE KEY `uq_boleta_rifa_numero` (`id_rifa`,`numero`),
  ADD KEY `id_rifa` (`id_rifa`),
  ADD KEY `id_usuario` (`id_usuario`);

--
-- Indices de la tabla `ganadores`
--
ALTER TABLE `ganadores`
  ADD PRIMARY KEY (`id`),
  ADD KEY `id_usuario` (`id_usuario`),
  ADD KEY `id_boleta` (`id_boleta`),
  ADD KEY `id_sorteo` (`id_sorteo`);

--
-- Indices de la tabla `movimientos_saldo`
--
ALTER TABLE `movimientos_saldo`
  ADD PRIMARY KEY (`id`),
  ADD KEY `id_usuario` (`id_usuario`);

--
-- Indices de la tabla `notificaciones`
--
ALTER TABLE `notificaciones`
  ADD PRIMARY KEY (`id`),
  ADD KEY `id_usuario` (`id_usuario`),
  ADD KEY `id_rifa` (`id_rifa`);

--
-- Indices de la tabla `pagos`
--
ALTER TABLE `pagos`
  ADD PRIMARY KEY (`id`),
  ADD KEY `id_boleta` (`id_boleta`);

--
-- Indices de la tabla `recuperacion_contrasena`
--
ALTER TABLE `recuperacion_contrasena`
  ADD PRIMARY KEY (`id`),
  ADD UNIQUE KEY `token` (`token`),
  ADD KEY `id_usuario` (`id_usuario`);

--
-- Indices de la tabla `rifas`
--
ALTER TABLE `rifas`
  ADD PRIMARY KEY (`id`),
  ADD KEY `id_organizador` (`id_organizador`);

--
-- Indices de la tabla `sorteos`
--
ALTER TABLE `sorteos`
  ADD PRIMARY KEY (`id`),
  ADD KEY `id_rifa` (`id_rifa`);

--
-- Indices de la tabla `usuarios`
--
ALTER TABLE `usuarios`
  ADD PRIMARY KEY (`id`),
  ADD UNIQUE KEY `email` (`email`);

--
-- AUTO_INCREMENT de las tablas volcadas
--

--
-- AUTO_INCREMENT de la tabla `auditorias_sorteo`
--
ALTER TABLE `auditorias_sorteo`
  MODIFY `id` int(11) NOT NULL AUTO_INCREMENT, AUTO_INCREMENT=21;

--
-- AUTO_INCREMENT de la tabla `boletas`
--
ALTER TABLE `boletas`
  MODIFY `id` int(11) NOT NULL AUTO_INCREMENT, AUTO_INCREMENT=1441;

--
-- AUTO_INCREMENT de la tabla `ganadores`
--
ALTER TABLE `ganadores`
  MODIFY `id` int(11) NOT NULL AUTO_INCREMENT, AUTO_INCREMENT=13;

--
-- AUTO_INCREMENT de la tabla `movimientos_saldo`
--
ALTER TABLE `movimientos_saldo`
  MODIFY `id` int(11) NOT NULL AUTO_INCREMENT, AUTO_INCREMENT=50;

--
-- AUTO_INCREMENT de la tabla `notificaciones`
--
ALTER TABLE `notificaciones`
  MODIFY `id` int(11) NOT NULL AUTO_INCREMENT, AUTO_INCREMENT=72;

--
-- AUTO_INCREMENT de la tabla `pagos`
--
ALTER TABLE `pagos`
  MODIFY `id` int(11) NOT NULL AUTO_INCREMENT, AUTO_INCREMENT=843;

--
-- AUTO_INCREMENT de la tabla `recuperacion_contrasena`
--
ALTER TABLE `recuperacion_contrasena`
  MODIFY `id` int(11) NOT NULL AUTO_INCREMENT, AUTO_INCREMENT=7;

--
-- AUTO_INCREMENT de la tabla `rifas`
--
ALTER TABLE `rifas`
  MODIFY `id` int(11) NOT NULL AUTO_INCREMENT, AUTO_INCREMENT=66;

--
-- AUTO_INCREMENT de la tabla `sorteos`
--
ALTER TABLE `sorteos`
  MODIFY `id` int(11) NOT NULL AUTO_INCREMENT, AUTO_INCREMENT=53;

--
-- AUTO_INCREMENT de la tabla `usuarios`
--
ALTER TABLE `usuarios`
  MODIFY `id` int(11) NOT NULL AUTO_INCREMENT, AUTO_INCREMENT=63;

--
-- Restricciones para tablas volcadas
--

--
-- Filtros para la tabla `auditorias_sorteo`
--
ALTER TABLE `auditorias_sorteo`
  ADD CONSTRAINT `auditorias_sorteo_ibfk_1` FOREIGN KEY (`id_sorteo`) REFERENCES `sorteos` (`id`);

--
-- Filtros para la tabla `boletas`
--
ALTER TABLE `boletas`
  ADD CONSTRAINT `boletas_ibfk_1` FOREIGN KEY (`id_rifa`) REFERENCES `rifas` (`id`),
  ADD CONSTRAINT `boletas_ibfk_2` FOREIGN KEY (`id_usuario`) REFERENCES `usuarios` (`id`);

--
-- Filtros para la tabla `ganadores`
--
ALTER TABLE `ganadores`
  ADD CONSTRAINT `ganadores_ibfk_1` FOREIGN KEY (`id_usuario`) REFERENCES `usuarios` (`id`),
  ADD CONSTRAINT `ganadores_ibfk_2` FOREIGN KEY (`id_boleta`) REFERENCES `boletas` (`id`),
  ADD CONSTRAINT `ganadores_ibfk_3` FOREIGN KEY (`id_sorteo`) REFERENCES `sorteos` (`id`);

--
-- Filtros para la tabla `movimientos_saldo`
--
ALTER TABLE `movimientos_saldo`
  ADD CONSTRAINT `mov_saldo_ibfk_1` FOREIGN KEY (`id_usuario`) REFERENCES `usuarios` (`id`);

--
-- Filtros para la tabla `notificaciones`
--
ALTER TABLE `notificaciones`
  ADD CONSTRAINT `notificaciones_ibfk_1` FOREIGN KEY (`id_usuario`) REFERENCES `usuarios` (`id`),
  ADD CONSTRAINT `notificaciones_ibfk_2` FOREIGN KEY (`id_rifa`) REFERENCES `rifas` (`id`);

--
-- Filtros para la tabla `pagos`
--
ALTER TABLE `pagos`
  ADD CONSTRAINT `pagos_ibfk_1` FOREIGN KEY (`id_boleta`) REFERENCES `boletas` (`id`);

--
-- Filtros para la tabla `recuperacion_contrasena`
--
ALTER TABLE `recuperacion_contrasena`
  ADD CONSTRAINT `rec_ibfk_1` FOREIGN KEY (`id_usuario`) REFERENCES `usuarios` (`id`);

--
-- Filtros para la tabla `rifas`
--
ALTER TABLE `rifas`
  ADD CONSTRAINT `rifas_ibfk_1` FOREIGN KEY (`id_organizador`) REFERENCES `usuarios` (`id`);

--
-- Filtros para la tabla `sorteos`
--
ALTER TABLE `sorteos`
  ADD CONSTRAINT `sorteos_ibfk_1` FOREIGN KEY (`id_rifa`) REFERENCES `rifas` (`id`);
COMMIT;

/*!40101 SET CHARACTER_SET_CLIENT=@OLD_CHARACTER_SET_CLIENT */;
/*!40101 SET CHARACTER_SET_RESULTS=@OLD_CHARACTER_SET_RESULTS */;
/*!40101 SET COLLATION_CONNECTION=@OLD_COLLATION_CONNECTION */;
